StockCode,ProductName,ProductKey
10002,INFLATABLE POLITICAL GLOBE ,1
10080,GROOVY CACTUS INFLATABLE,2
10120,DOGGY RUBBER,3
10125,MINI FUNKY DESIGN TAPES,4
10133,COLOURING PENCILS BROWN TUBE,5
10135,COLOURING PENCILS BROWN TUBE,6
11001,ASSTD DESIGN RACING CAR PEN,7
15030,FAN BLACK FRAME ,8
15034,PAPER POCKET TRAVELING FAN ,9
15036,ASSORTED COLOURS SILK FAN,10
15039,SANDALWOOD FAN,11
16008,SMALL FOLDING SCISSOR(POINTED EDGE),12
16010,FOLDING CAMPING SCISSOR W/KNIF & S,13
16011,ANIMAL STICKERS,14
16012,FOOD/DRINK SPONGE STICKERS,15
16014,SMALL CHINESE STYLE SCISSOR,16
16015,MEDIUM CHINESE STYLE SCISSOR,17
16016,LARGE CHINESE STYLE SCISSOR,18
16033,MINI HIGHLIGHTER PENS,19
16043,POP ART PUSH DOWN RUBBER ,20
16045,POPART WOODEN PENCILS ASST,21
16046,TEATIME PEN CASE & PENS,22
16048,TEATIME ROUND PENCIL SHARPENER ,23
16049,TEATIME GEL PENS ASST,24
16052,TEATIME PUSH DOWN RUBBER,25
16054,POPART RECT PENCIL SHARPENER ASST,26
16216,LETTER SHAPE PENCIL SHARPENER,27
16218,CARTOON  PENCIL SHARPENERS,28
16219,HOUSE SHAPE PENCIL SHARPENER,29
16225,RATTLE SNAKE EGGS,30
16235,RECYCLED PENCIL WITH RABBIT ERASER,31
16236,KITTY PENCIL ERASERS,32
16237,SLEEPING CAT ERASERS,33
16238,PARTY TIME PENCIL ERASERS,34
16254,TRANSPARENT ACRYLIC TAPE DISPENSER,35
16259,PIECE OF CAMO STATIONERY SET,36
17001,HEAVENS SCENT FRAGRANCE OILS ASSTD,37
17003,BROCADE RING PURSE ,38
17021,NAMASTE SWAGAT INCENSE,39
17038,PORCELAIN BUDAH INCENSE HOLDER,40
17096,ASSORTED LAQUERED INCENSE HOLDERS,41
17174,ASSTD RASTA KEY-CHAINS,42
18007,ESSENTIAL BALM 3.5g TIN IN ENVELOPE,43
20615,BLUE POLKADOT PASSPORT COVER,44
20616,CHERRY BLOSSOM PASSPORT COVER,45
20617,FIRST CLASS PASSPORT COVER ,46
20618,QUEEN OF THE SKIES PASSPORT COVER ,47
20619,TROPICAL PASSPORT COVER ,48
20622,VIPPASSPORT COVER ,49
20652,BLUE POLKADOT LUGGAGE TAG ,50
20653,CHERRY BLOSSOM LUGGAGE TAG,51
20654,FIRST CLASS LUGGAGE TAG ,52
20655,QUEEN OF SKIES LUGGAGE TAG,53
20657,TROPICAL LUGGAGE TAG,54
20658,RED RETROSPOT LUGGAGE TAG,55
20659,ECONOMY LUGGAGE TAG,56
20661,BLUE POLKADOT PURSE ,57
20662,FIRST CLASS HOLIDAY PURSE ,58
20663,QUEEN OF THE SKIES HOLIDAY PURSE ,59
20664,TROPICAL HOLIDAY PURSE ,60
20665,RED RETROSPOT PURSE ,61
20666,ECONOMY HOLIDAY PURSE,62
20667,CHERRY BLOSSOM PURSE,63
20668,DISCO BALL CHRISTMAS DECORATION,64
20669,RED HEART LUGGAGE TAG,65
20670,VIP HOLIDAY PURSE,66
20671,BLUE TEATIME PRINT BOWL ,67
20674,GREEN POLKADOT BOWL,68
20675,BLUE POLKADOT BOWL,69
20676,RED RETROSPOT BOWL,70
20677,PINK POLKADOT BOWL,71
20678,LARGE BLACK DIAMANTE HAIRSLIDE,72
20679,EDWARDIAN PARASOL RED,73
20681,PINK POLKADOT CHILDRENS UMBRELLA,74
20682,RED RETROSPOT CHILDRENS UMBRELLA,75
20684,STRAWBERRY DREAM CHILDS UMBRELLA,76
20685,DOORMAT RED RETROSPOT,77
20686,DOLLY MIXTURE CHILDREN'S UMBRELLA,78
20694,FLORAL PINK MONSTER,79
20695,FLORAL BLUE MONSTER,80
20696,FLORAL SOFT CAR TOY,81
20697,LITTLE GREEN MONSTER SOFT TOY,82
20698,LITTLE PINK MONSTER SOFT TOY,83
20699,MOUSEY LONG LEGS SOFT TOY,84
20700,GREEN CAT FLORAL CUSHION COVER ,85
20701,PINK CAT FLORAL CUSHION COVER ,86
20702,PINK PADDED MOBILE,87
20703,BLUE PADDED SOFT MOBILE,88
20704,MR ROBOT SOFT TOY,89
20705,MRS ROBOT SOFT TOY,90
20707,CRAZY DAISY HEART DECORATION,91
20711,JUMBO BAG TOYS ,92
20712,JUMBO BAG WOODLAND ANIMALS,93
20713,JUMBO BAG OWLS,94
20716,PARTY FOOD SHOPPER BAG,95
20717,STRAWBERRY SHOPPER BAG,96
20718,RED RETROSPOT SHOPPER BAG,97
20719,WOODLAND CHARLOTTE BAG,98
20723,STRAWBERRY CHARLOTTE BAG,99
20724,RED RETROSPOT CHARLOTTE BAG,100
20725,LUNCH BAG RED RETROSPOT,101
20726,LUNCH BAG WOODLAND,102
20727,LUNCH BAG  BLACK SKULL.,103
20728,LUNCH BAG CARS BLUE,104
20731,POSY CANDY BAG,105
20733,GOLD MINI TAPE MEASURE ,106
20735,BLACK MINI TAPE MEASURE ,107
20748,KENSINGTON COFFEE SET,108
20749,ASSORTED COLOUR MINI CASES,109
20750,RED RETROSPOT MINI CASES,110
20751,FUNKY WASHING UP GLOVES ASSORTED,111
20752,BLUE POLKADOT WASHING UP GLOVES,112
20754,RETROSPOT RED WASHING UP GLOVES,113
20755,BLUE PAISLEY POCKET BOOK,114
20756,GREEN FERN POCKET BOOK,115
20757,RED DAISY POCKET BOOK ,116
20758,ABSTRACT CIRCLES POCKET BOOK,117
20759,CHRYSANTHEMUM POCKET BOOK ,118
20760,GARDEN PATH POCKET BOOK,119
20761,BLUE PAISLEY SKETCHBOOK,120
20762,GREEN FERN SKETCHBOOK ,121
20763,DAISY SKETCHBOOK ,122
20764,ABSTRACT CIRCLES SKETCHBOOK ,123
20765,CHRYSANTHEMUM SKETCHBOOK ,124
20766,GARDEN PATH SKETCHBOOK,125
20767,BLUE PAISLEY JOURNAL ,126
20768,GREEN FERN JOURNAL ,127
20769,DAISY JOURNAL ,128
20770,ABSTRACT CIRCLE JOURNAL ,129
20771,CHRYSANTHEMUM  JOURNAL,130
20772,GARDEN PATH JOURNAL,131
20773,BLUE PAISLEY NOTEBOOK,132
20774,GREEN FERN NOTEBOOK,133
20775,DAISY NOTEBOOK ,134
20777,CHRYSANTHEMUM NOTEBOOK,135
20778,GARDEN PATH NOTEBOOK ,136
20780,BLACK EAR MUFF HEADPHONES,137
20781,GOLD EAR MUFF HEADPHONES,138
20782,CAMOUFLAGE EAR MUFF HEADPHONES,139
20785,FUSCHIA RETRO BAR STOOL,140
20793,BLUE TILED TRAY,141
20794,BLUE  TILE HOOK,142
20795,LARGE BLUE PROVENCAL CERAMIC BALL,143
20796,SMALL BLUE PROVENCAL CERAMIC BALL,144
20798,CLEAR MILKSHAKE GLASS,145
20801,LARGE PINK GLASS SUNDAE DISH,146
20802,SMALL GLASS SUNDAE DISH CLEAR,147
20803,SMALL PINK GLASS SUNDAE DISH,148
20816,GOLD FLOWER CUSHION COVER ,149
20818,GOLD TEDDY BEAR,150
20819,SILVER TEDDY BEAR,151
20820,SILVER LOOKING MIRROR,152
20821,GOLDIE LOOKING MIRROR,153
20823,GOLD WINE GOBLET,154
20826,SILVER APERITIF GLASS,155
20827,GOLD APERITIF GLASS,156
20828,GLITTER BUTTERFLY CLIPS,157
20829,GLITTER HANGING BUTTERFLY STRING,158
20830,SILVER PHOTO FRAME,159
20831,GOLD PHOTO FRAME,160
20832,RED FLOCK LOVE HEART PHOTO FRAME,161
20835,FRENCH LATTICE CUSHION COVER ,162
20836,FRENCH PAISLEY CUSHION COVER,163
20837,FRENCH FLORAL CUSHION COVER ,164
20838,FRENCH LATTICE CUSHION COVER ,165
20839,FRENCH PAISLEY CUSHION COVER ,166
20840,FRENCH FLORAL CUSHION COVER ,167
20845,ZINC HEART LATTICE 2 WALL PLANTER,168
20846,ZINC HEART LATTICE T-LIGHT HOLDER,169
20847,ZINC HEART LATTICE CHARGER LARGE,170
20848,ZINC HEART LATTICE CHARGER SMALL,171
20851,ZINC HEART LATTICE TRAY OVAL ,172
20854,BLUE PATCH PURSE PINK HEART,173
20856,DENIM PATCH PURSE PINK BUTTERFLY,174
20857,BLUE ROSE PATCH PURSE PINK BUTTERFL,175
20861,GOLD COSMETIC BAG PINK STAR,176
20866,BLUE ROSE FABRIC MIRROR,177
20867,PINK ROSE FABRIC MIRROR,178
20868,SILVER FABRIC MIRROR,179
20869,GOLD FABRIC MIRROR,180
20878,SET/9 CHRISTMAS T-LIGHTS SCENTED ,181
20886,BOX OF 9 PEBBLE CANDLES,182
20892,SET/3 TALL GLASS CANDLE HOLDER PINK,183
20893,HANGING BAUBLE T-LIGHT HOLDER SMALL,184
20894,HANGING BAUBLE T-LIGHT HOLDER LARGE,185
20897,VINTAGE NOTEBOOK PARIS DAYS,186
20898,VINTAGE NOTEBOOK TRAVELOGUE,187
20901,VINTAGE KEEPSAKE BOX PINK FLOWER,188
20902,VINTAGE KEEPSAKE BOX PARIS DAYS,189
20903,VINTAGE KEEPSAKE BOX TRAVELOGUE,190
20906,VINTAGE NOTEBOOK BEAUTY GIRL,191
20910,VINTAGE PHOTO ALBUM PARIS DAYS,192
20914,SET/5 RED RETROSPOT LID GLASS BOWLS,193
20931,BLUE POT PLANT CANDLE ,194
20932,PINK POT PLANT CANDLE,195
20933,YELLOW POT PLANT CANDLE,196
20934,SET/3 POT PLANT CANDLES,197
20935,ROUND CACTUS CANDLE,198
20936,FORKED CACTUS CANDLE,199
20941,FROG CANDLE,200
20956,PORCELAIN T-LIGHT HOLDERS ASSORTED,201
20961,STRAWBERRY BATH SPONGE ,202
20963,APPLE BATH SPONGE,203
20964,POLYESTER FILLER PAD 60x40cm,204
20966,SANDWICH BATH SPONGE,205
20967,GREY FLORAL FELTCRAFT SHOULDER BAG,206
20969,RED FLORAL FELTCRAFT SHOULDER BAG,207
20970,PINK FLORAL FELTCRAFT SHOULDER BAG,208
20971,PINK BLUE FELT CRAFT TRINKET BOX,209
20972,PINK CREAM FELT CRAFT TRINKET BOX ,210
20973,12 PENCIL SMALL TUBE WOODLAND,211
20974,12 PENCILS SMALL TUBE SKULL,212
20975,12 PENCILS SMALL TUBE RED RETROSPOT,213
20977,36 PENCILS TUBE WOODLAND,214
20978,36 PENCILS TUBE SKULLS,215
20979,36 PENCILS TUBE RED RETROSPOT,216
20980,36 PENCILS TUBE POSY,217
20981,12 PENCILS TALL TUBE WOODLAND,218
20982,12 PENCILS TALL TUBE SKULLS,219
20983,12 PENCILS TALL TUBE RED RETROSPOT,220
20984,12 PENCILS TALL TUBE POSY,221
20985,HEART CALCULATOR,222
20986,BLUE CALCULATOR RULER,223
20992,JAZZ HEARTS PURSE NOTEBOOK,224
20996,JAZZ HEARTS ADDRESS BOOK,225
20997,ROSE DU SUD CUSHION COVER ,226
20998,ROSE DU SUD OVEN GLOVE,227
21000,ROSE DU SUD COSMETICS BAG,228
21001,ROSE DU SUD WASHBAG ,229
21002,ROSE DU SUD DRAWSTRING BAG,230
21003,ROSE DU SUD CUSHION COVER,231
21011,GLITTER SNOW PEAR TREE DECORATION,232
21012,ANTIQUE ALL GLASS CANDLESTICK,233
21014,SWISS CHALET TREE DECORATION ,234
21015,DARK BIRD HOUSE TREE DECORATION,235
21018,BIRD BOX CHRISTMAS TREE DECORATION,236
21025,SPACE FROG,237
21026,SPACE OWL,238
21027,NINJA RABBIT PINK,239
21028,NINJA RABBIT BLACK,240
21030,SPACE CADET RED,241
21031,SPACE CADET BLACK,242
21032,SPACE CADET WHITE,243
21033,JUMBO BAG CHARLIE AND LOLA TOYS,244
21034,REX CASH+CARRY JUMBO SHOPPER,245
21035,SET/2 RED RETROSPOT TEA TOWELS ,246
21038,SET/4 MODERN VINTAGE COTTON NAPKINS,247
21039,RED RETROSPOT SHOPPING BAG,248
21040,MODERN VINTAGE COTTON SHOPPING BAG,249
21041,RED RETROSPOT OVEN GLOVE DOUBLE,250
21042,RED RETROSPOT APRON ,251
21043,APRON MODERN VINTAGE COTTON,252
21051,RIBBONS PURSE ,253
21054,NURSE'S BAG SOFT TOY,254
21055,TOOL BOX SOFT TOY ,255
21056,DOCTOR'S BAG SOFT TOY,256
21058,PARTY INVITES WOODLAND,257
21059,PARTY INVITES DINOSAURS,258
21060,PARTY INVITES BALLOON GIRL,259
21061,PARTY INVITES FOOTBALL,260
21062,PARTY INVITES SPACEMAN,261
21063,PARTY INVITES JAZZ HEARTS,262
21064,BOOM BOX SPEAKER BOYS,263
21065,BOOM BOX SPEAKER GIRLS,264
21066,VINTAGE RED MUG,265
21067,VINTAGE RED TEATIME MUG,266
21068,VINTAGE BILLBOARD LOVE/HATE MUG,267
21069,VINTAGE BILLBOARD TEA MUG,268
21070,VINTAGE BILLBOARD MUG ,269
21071,VINTAGE BILLBOARD DRINK ME MUG,270
21078,SET/20 STRAWBERRY PAPER NAPKINS ,271
21080,SET/20 RED RETROSPOT PAPER NAPKINS ,272
21084,SET/6 COLLAGE PAPER CUPS,273
21086,SET/6 RED SPOTTY PAPER CUPS,274
21087,SET/6 POSIES PAPER CUPS,275
21088,SET/6 FRUIT SALAD PAPER CUPS,276
21089,SET/6 GREEN SPRING PAPER CUPS,277
21090,SET/6 COLLAGE PAPER PLATES,278
21094,SET/6 RED SPOTTY PAPER PLATES,279
21095,SET/6 POSIES PAPER PLATES,280
21096,SET/6 FRUIT SALAD  PAPER PLATES,281
21098,CHRISTMAS TOILET ROLL,282
21100,CHARLIE AND LOLA CHARLOTTE BAG,283
21106,CREAM SLICE FLANNEL CHOCOLATE SPOT ,284
21107,CREAM SLICE FLANNEL PINK SPOT ,285
21108,FAIRY CAKE FLANNEL ASSORTED COLOUR,286
21109,LARGE CAKE TOWEL CHOCOLATE SPOTS,287
21110,LARGE CAKE TOWEL PINK SPOTS,288
21111,"SWISS ROLL TOWEL, CHOCOLATE  SPOTS",289
21112,SWISS ROLL TOWEL PINK  SPOTS,290
21114,LAVENDER SCENTED FABRIC HEART,291
21115,ROSE CARAVAN DOORSTOP,292
21116,OWL DOORSTOP,293
21117,BLOND DOLL DOORSTOP,294
21121,SET/10 RED POLKADOT PARTY CANDLES,295
21122,SET/10 PINK POLKADOT PARTY CANDLES,296
21123,SET/10 IVORY POLKADOT PARTY CANDLES,297
21124,SET/10 BLUE POLKADOT PARTY CANDLES,298
21125,SET 6 FOOTBALL CELEBRATION CANDLES,299
21126,SET OF 6 GIRLS CELEBRATION CANDLES,300
21128,GOLD FISHING GNOME,301
21129,SILVER FISHING GNOME ,302
21131,GOLD STANDING GNOME,303
21132,SILVER STANDING GNOME   ,304
21135,VICTORIAN  METAL POSTCARD SPRING,305
21136,PAINTED METAL PEARS ASSORTED,306
21137,BLACK RECORD COVER FRAME,307
21143,ANTIQUE GLASS HEART DECORATION ,308
21145,ANTIQUE GLASS PLACE SETTING,309
21147,JINGLE BELLS TREE DECORATION,310
21154,RED RETROSPOT OVEN GLOVE ,311
21155,RED RETROSPOT PEG BAG,312
21156,RETROSPOT CHILDRENS APRON,313
21157,RED RETROSPOT WASHBAG,314
21158,MOODY GIRL DOOR HANGER ,315
21159,MOODY BOY  DOOR HANGER ,316
21161,KEEP OUT BOYS DOOR HANGER ,317
21162,TOXIC AREA  DOOR HANGER ,318
21163,DO NOT TOUCH MY STUFF DOOR HANGER ,319
21164,HOME SWEET HOME METAL SIGN ,320
21165,BEWARE OF THE CAT METAL SIGN ,321
21166,COOK WITH WINE METAL SIGN ,322
21167,WHITE SAGE INCENSE,323
21169,YOU'RE CONFUSING ME METAL SIGN ,324
21171,BATHROOM METAL SIGN ,325
21172,PARTY METAL SIGN ,326
21174,POTTERING IN THE SHED METAL SIGN,327
21175,GIN + TONIC DIET METAL SIGN,328
21179,NO JUNK MAIL METAL SIGN,329
21181,PLEASE ONE PERSON METAL SIGN,330
21187,WHITE BELL HONEYCOMB PAPER GARLAND ,331
21188,3D HEARTS  HONEYCOMB PAPER GARLAND,332
21189,WHITE HONEYCOMB PAPER GARLAND ,333
21190,PINK HEARTS PAPER GARLAND,334
21191,LARGE WHITE HONEYCOMB PAPER BELL  ,335
21192,WHITE BELL HONEYCOMB PAPER ,336
21194,PINK  HONEYCOMB PAPER FAN,337
21195,PINK  HONEYCOMB PAPER BALL ,338
21196,ROUND WHITE CONFETTI IN TUBE,339
21197,MULTICOLOUR  CONFETTI IN TUBE,340
21198,WHITE HEART CONFETTI IN TUBE,341
21199,PINK  HEART CONFETTI IN TUBE,342
21200,MULTICOLOUR HONEYCOMB PAPER GARLAND,343
21201,TROPICAL  HONEYCOMB PAPER GARLAND ,344
21202,DOLLY HONEYCOMB GARLAND,345
21204,DAISIES  HONEYCOMB GARLAND ,346
21205,MULTICOLOUR 3D BALLS GARLAND,347
21206,STRAWBERRY HONEYCOMB  GARLAND ,348
21207,SKULL AND CROSSBONES  GARLAND ,349
21208,PASTEL COLOUR HONEYCOMB FAN,350
21209,MULTICOLOUR HONEYCOMB FAN,351
21210,SET OF 72 RETROSPOT PAPER  DOILIES,352
21211,SET OF 72 SKULL PAPER  DOILIES,353
21212,PACK OF 72 RETROSPOT CAKE CASES,354
21213,PACK OF 72 SKULL CAKE CASES,355
21215,IVORY PAPER CUP CAKE CASES ,356
21216,"SET 3 RETROSPOT TEA,COFFEE,SUGAR",357
21217,RED RETROSPOT ROUND CAKE TINS,358
21218,RED SPOTTY BISCUIT TIN,359
21219,SET/4 BADGES BALLOON GIRL,360
21220,SET/4 BADGES DOGS,361
21221,SET/4 BADGES CUTE CREATURES,362
21222,SET/4 BADGES BEETLES,363
21224,SET/4 SKULL BADGES,364
21226,POCKET MIRROR WOODLAND,365
21228,"POCKET MIRROR ""GLAMOROUS""",366
21231,SWEETHEART CERAMIC TRINKET BOX,367
21232,STRAWBERRY CERAMIC TRINKET BOX,368
21238,RED RETROSPOT CUP,369
21239,PINK  POLKADOT CUP,370
21240,BLUE POLKADOT CUP,371
21242,RED RETROSPOT PLATE ,372
21243,PINK  POLKADOT PLATE ,373
21244,BLUE POLKADOT PLATE ,374
21245,GREEN POLKADOT PLATE ,375
21246,RED RETROSPOT BIG BOWL,376
21248,DOOR HANGER  MUM + DADS ROOM,377
21249,WOODLAND  HEIGHT CHART STICKERS ,378
21250,SET OF SKULL WALL STICKERS,379
21251,DINOSAUR HEIGHT CHART STICKER SET,380
21253,SET OF PICTURE FRAME  STICKERS,381
21257,VICTORIAN SEWING BOX MEDIUM,382
21258,VICTORIAN SEWING BOX LARGE,383
21259,VICTORIAN SEWING BOX SMALL ,384
21260,FIRST AID TIN,385
21261,GREEN GOOSE FEATHER CHRISTMAS TREE ,386
21262,WHITE GOOSE FEATHER CHRISTMAS TREE ,387
21263,GREEN GOOSE FEATHER TREE 60CM,388
21264,WHITE GOOSE FEATHER TREE 60CM ,389
21265,PINK GOOSE FEATHER TREE 60CM,390
21268,VINTAGE BLUE TINSEL REEL,391
21269,ANTIQUE CREAM CUTLERY SHELF ,392
21270,ANTIQUE CREAM CUTLERY CUPBOARD,393
21272,SALLE DE BAIN HOOK,394
21275,ZINC TOP  2 DOOR WOODEN SHELF ,395
21277,FRENCH STYLE EMBOSSED HEART CABINET,396
21278,VINTAGE KITCHEN PRINT PUDDINGS,397
21279,VINTAGE KITCHEN PRINT FRUITS,398
21280,VINTAGE KITCHEN PRINT VEGETABLES,399
21281,VINTAGE KITCHEN PRINT SEAFOOD,400
21284,RETROSPOT CANDLE  SMALL,401
21285,RETROSPOT CANDLE  MEDIUM,402
21286,RETROSPOT CANDLE  LARGE,403
21287,SCENTED VELVET LOUNGE CANDLE ,404
21288,STRIPEY CHOCOLATE NESTING BOXES,405
21289,LARGE STRIPES CHOCOLATE GIFT BAG,406
21291,SMALL POLKADOT CHOCOLATE GIFT BAG ,407
21292,SMALL STRIPES CHOCOLATE GIFT BAG ,408
21293,MIRRORED DOVE WALL DECORATION,409
21294,ETCHED GLASS COASTER,410
21306,SET/4 DAISY MIRROR MAGNETS,411
21307,SET/4 BUTTERFLY MIRROR MAGNETS,412
21310,CAPIZ CHANDELIER,413
21311,SET/4 BIRD MIRROR MAGNETS ,414
21313,GLASS HEART T-LIGHT HOLDER ,415
21314,SMALL GLASS HEART TRINKET POT,416
21316,SMALL CHUNKY GLASS ROMAN  BOWL,417
21317,GLASS SPHERE CANDLE STAND MEDIUM,418
21318,GLASS CHALICE BLUE SMALL ,419
21319,GLASS CHALICE GREEN  SMALL ,420
21320,GLASS CHALICE GREEN  LARGE ,421
21324,HANGING MEDINA LANTERN SMALL,422
21326,AGED GLASS SILVER T-LIGHT HOLDER,423
21327,SKULLS WRITING SET ,424
21328,BALLOONS  WRITING SET ,425
21329,DINOSAURS  WRITING SET ,426
21331,MOROCCAN BEATEN METAL DISH LARGE,427
21332,MOROCCAN BEATEN METAL MIRROR,428
21333,CLASSIC WHITE FRAME,429
21336,GOLD WASHBAG,430
21340,CLASSIC METAL BIRDCAGE PLANT HOLDER,431
21344,MOROCCAN BEATEN METAL DISH,432
21348,PINK SPOTS CHOCOLATE NESTING BOXES ,433
21349,IVY HEART WREATH,434
21351,CINAMMON & ORANGE WREATH,435
21352,EUCALYPTUS & PINECONE  WREATH,436
21354,TOAST ITS - BEST MUM,437
21355,TOAST ITS - I LOVE YOU ,438
21356,TOAST ITS - FAIRY FLOWER,439
21357,TOAST ITS - DINOSAUR,440
21358,TOAST ITS - HAPPY BIRTHDAY,441
21359,RELAX LARGE WOOD LETTERS,442
21360,JOY LARGE WOOD LETTERS,443
21361,LOVE LARGE WOOD LETTERS ,444
21363,HOME SMALL WOOD LETTERS,445
21364,PEACE SMALL WOOD LETTERS,446
21365,MIRRORED WALL ART STARS,447
21366,MIRRORED WALL ART PHOTO FRAMES,448
21367,MIRRORED WALL ART GENTS,449
21368,MIRRORED WALL ART LADIES,450
21369,MIRRORED WALL ART SPLODGES,451
21370,MIRRORED WALL ART FOXY,452
21371,MIRRORED WALL ART POPPIES,453
21372,MIRRORED WALL ART TABLE LAMP,454
21373,MIRRORED WALL ART SNOWFLAKES,455
21374,MIRRORED WALL ART SKULLS,456
21375,LARGE CAMPHOR WOOD FIELD MUSHROOM ,457
21376,LARGE  TALL CAMPHOR WOOD TOADSTOOL ,458
21377,SMALL CAMPHOR WOOD FIELD  MUSHROOM,459
21378,SMALL TALL CAMPHOR WOOD TOADSTOOL,460
21379,CAMPHOR WOOD PORTOBELLO MUSHROOM,461
21380,WOODEN HAPPY BIRTHDAY GARLAND,462
21381,MINI WOODEN HAPPY BIRTHDAY GARLAND,463
21382,SET/4 SPRING FLOWER DECORATION,464
21383,PACK OF 12 STICKY BUNNIES,465
21385,IVORY HANGING DECORATION  HEART,466
21386,IVORY HANGING DECORATION  EGG,467
21389,IVORY HANGING DECORATION  BIRD,468
21390,FILIGRIS HEART WITH BUTTERFLY,469
21391,FRENCH LAVENDER SCENT HEART,470
21392,RED POLKADOT PUDDING BOWL,471
21393,BLUE POLKADOT PUDDING BOWL,472
21394,RED POLKADOT BEAKER ,473
21395,BLUE POLKADOT BEAKER ,474
21397,BLUE POLKADOT EGG CUP ,475
21398,RED POLKADOT COFFEE  MUG,476
21399,BLUE POLKADOT COFFEE MUG,477
21400,RED PUDDING SPOON,478
21401,BLUE PUDDING SPOON,479
21402,RED  EGG  SPOON,480
21403,BLUE EGG  SPOON,481
21407,BROWN CHECK CAT DOORSTOP ,482
21408,SPOTTY PINK DUCK DOORSTOP,483
21411,GINGHAM HEART  DOORSTOP RED,484
21413,PERIWINKLE T-LIGHT HOLDER,485
21414,SCALLOP SHELL SOAP DISH,486
21415,CLAM SHELL SMALL ,487
21416,CLAM SHELL LARGE,488
21417,COCKLE SHELL DISH,489
21418,STARFISH SOAP DISH,490
21420,OYSTER TRINKET BOX,491
21421,PORCELAIN ROSE LARGE ,492
21422,PORCELAIN ROSE SMALL,493
21424,WOODLAND STORAGE BOX LARGE ,494
21425,SKULLS STORAGE BOX LARGE,495
21426,WOODLAND STORAGE BOX SMALL,496
21427,SKULLS STORAGE BOX SMALL,497
21428,SET3 BOOK BOX GREEN GINGHAM FLOWER ,498
21429,RED GINGHAM ROSE JEWELLERY BOX,499
21430,SET/3 RED GINGHAM ROSE STORAGE BOX,500
21439,BASKET OF TOADSTOOLS,501
21441,BLUE BIRDHOUSE DECORATION,502
21442,GREEN BIRDHOUSE DECORATION,503
21445,12 PINK ROSE PEG PLACE SETTINGS,504
21446,12 RED ROSE PEG PLACE SETTINGS,505
21447,12 IVORY ROSE PEG PLACE SETTINGS,506
21448,12 DAISY PEGS IN WOOD BOX,507
21452,TOADSTOOL MONEY BOX,508
21454,PAINTED PINK RABBIT ,509
21455,PAINTED YELLOW WOODEN DAISY,510
21456,2 PICTURE BOOK EGGS EASTER CHICKS,511
21457,2 PICTURE BOOK EGGS EASTER DUCKS,512
21458,2 PICTURE BOOK EGGS EASTER BUNNY,513
21459,YELLOW EASTER EGG HUNT START POST,514
21460,GREEN EASTER EGG HUNT START POST,515
21461,BLUE EASTER EGG HUNT START POST,516
21462,"NURSERY A,B,C PAINTED LETTERS",517
21463,MIRRORED DISCO BALL ,518
21464,DISCO BALL ROTATOR BATTERY OPERATED,519
21465,PINK FLOWER CROCHET FOOD COVER,520
21466,RED FLOWER CROCHET FOOD COVER,521
21467,CHERRY CROCHET FOOD COVER,522
21468,BUTTERFLY CROCHET FOOD COVER,523
21469,POLKA DOT RAFFIA FOOD COVER,524
21470,FLOWER VINE RAFFIA FOOD COVER,525
21471,STRAWBERRY RAFFIA FOOD COVER,526
21472,LADYBIRD + BEE RAFFIA FOOD COVER,527
21473,SWEETHEART CREAM STEEL TABLE RECT,528
21476,STEEL SWEETHEART ROUND TABLE CREAM,529
21479,WHITE SKULL HOT WATER BOTTLE ,530
21481,FAWN BLUE HOT WATER BOTTLE,531
21484,CHICK GREY HOT WATER BOTTLE,532
21485,RETROSPOT HEART HOT WATER BOTTLE,533
21486,PINK HEART DOTS HOT WATER BOTTLE,534
21488,RED WHITE SCARF  HOT WATER BOTTLE,535
21494,ROTATING LEAVES T-LIGHT HOLDER,536
21495,SKULLS AND CROSSBONES WRAP,537
21497,FANCY FONTS BIRTHDAY WRAP,538
21498,RED RETROSPOT WRAP ,539
21499,BLUE POLKADOT WRAP,540
21500,PINK POLKADOT WRAP ,541
21503,TOYBOX  WRAP ,542
21504,SKULLS GREETING CARD,543
21506,"FANCY FONT BIRTHDAY CARD, ",544
21507,"ELEPHANT, BIRTHDAY CARD, ",545
21508,VINTAGE KID DOLLY CARD ,546
21509,COWBOYS AND INDIANS BIRTHDAY CARD ,547
21518,BANK ACCOUNT  GREETING  CARD ,548
21519,GIN & TONIC DIET GREETING CARD ,549
21520,BOOZE & WOMEN GREETING CARD ,550
21523,DOORMAT FANCY FONT HOME SWEET HOME,551
21524,DOORMAT SPOTTY HOME SWEET HOME,552
21527,RED RETROSPOT TRADITIONAL TEAPOT ,553
21528,DAIRY MAID TRADITIONAL TEAPOT ,554
21530,DAIRY MAID TOASTRACK,555
21531,RED RETROSPOT SUGAR JAM BOWL,556
21533,RETROSPOT LARGE MILK JUG,557
21534,DAIRY MAID LARGE MILK JUG,558
21535,RED RETROSPOT SMALL MILK JUG,559
21537,RED RETROSPOT PUDDING BOWL,560
21538,DAIRY MAID  PUDDING BOWL,561
21539,RED RETROSPOT BUTTER DISH,562
21544,SKULLS  WATER TRANSFER TATTOOS ,563
21547,CERAMIC BIRDHOUSE CRESTED TIT SMALL,564
21555,CERAMIC STRAWBERRY TRINKET TRAY,565
21556,CERAMIC STRAWBERRY MONEY BOX,566
21557,SET OF 6 FUNKY BEAKERS,567
21558,SKULL LUNCH BOX WITH CUTLERY ,568
21559,STRAWBERRY LUNCH BOX WITH CUTLERY,569
21561,DINOSAUR LUNCH BOX WITH CUTLERY,570
21562,HAWAIIAN GRASS SKIRT ,571
21563,RED HEART SHAPE LOVE BUCKET ,572
21564,PINK  HEART SHAPE LOVE BUCKET ,573
21576,LETS GO SHOPPING COTTON TOTE BAG,574
21577,SAVE THE PLANET COTTON TOTE BAG,575
21578,WOODLAND DESIGN  COTTON TOTE BAG,576
21579,LOLITA  DESIGN  COTTON TOTE BAG,577
21580,RABBIT  DESIGN  COTTON TOTE BAG,578
21581,SKULLS  DESIGN  COTTON TOTE BAG,579
21584,RETROSPOT SMALL TUBE MATCHES,580
21586,KINGS CHOICE GIANT TUBE MATCHES,581
21587,COSY HOUR GIANT TUBE MATCHES,582
21588,RETROSPOT GIANT TUBE MATCHES,583
21591,COSY HOUR CIGAR BOX MATCHES ,584
21592,RETROSPOT CIGAR BOX MATCHES ,585
21609,SET 12 LAVENDER  BOTANICAL T-LIGHTS,586
21613,S/12 VANILLA  BOTANICAL T-LIGHTS,587
21614,SET OF 12 ROSE BOTANICAL T-LIGHTS,588
21615,4 LAVENDER BOTANICAL DINNER CANDLES,589
21616,4 PEAR BOTANICAL DINNER CANDLES,590
21617,4 LILY  BOTANICAL DINNER CANDLES,591
21618,4 WILDFLOWER BOTANICAL CANDLES,592
21619,4 VANILLA BOTANICAL CANDLES,593
21620,SET OF 4 ROSE BOTANICAL CANDLES,594
21621,VINTAGE UNION JACK BUNTING,595
21622,VINTAGE UNION JACK CUSHION COVER,596
21623,VINTAGE UNION JACK MEMOBOARD,597
21624,VINTAGE UNION JACK DOORSTOP,598
21625,VINTAGE UNION JACK APRON,599
21626,VINTAGE UNION JACK PENNANT,600
21627,ELEPHANT CARNIVAL POUFFE,601
21628,TRIANGULAR POUFFE VINTAGE ,602
21629,SQUARE FLOOR CUSHION VINTAGE RED,603
21630,FLOOR CUSHION ELEPHANT CARNIVAL,604
21631,HIPPY CHIC DECORATIVE PARASOL,605
21632,VINTAGE PINK DECORATIVE PARASOL,606
21633,SUNFLOWER DECORATIVE PARASOL,607
21634,ASSORTED MINI MADRAS NOTEBOOK,608
21635,MADRAS NOTEBOOK LARGE ,609
21636,MADRAS NOTEBOOK MEDIUM,610
21637,ASSORTED SANSKRIT MINI NOTEBOOK,611
21638,ASSORTED TUTTI FRUTTI NOTEBOOK,612
21640,ASSORTED TUTTI FRUTTI  FOB NOTEBOOK,613
21641,ASSORTED TUTTI FRUTTI KEYRING BALL,614
21642,ASSORTED TUTTI FRUTTI PEN,615
21643,ASSORTED TUTTI FRUTTI MIRROR,616
21644,ASSORTED TUTTI FRUTTI HEART BOX,617
21647,ASSORTED TUTTI FRUTTI LARGE PURSE,618
21648,ASSORTED TUTTI FRUTTI SMALL PURSE,619
21650,ASSORTED TUTTI FRUTTI BRACELET,620
21651,HANGING GLASS ETCHED TEALIGHT,621
21654,RIDGED GLASS FINGER BOWL,622
21655,HANGING RIDGE GLASS T-LIGHT HOLDER,623
21656,RIDGED GLASS POSY VASE ,624
21657,MILK BOTTLE WITH GLASS STOPPER ,625
21658,GLASS  BEURRE DISH,626
21661,VINTAGE GLASS TEA CADDY,627
21662,VINTAGE GLASS COFFEE CADDY,628
21664,RIDGED GLASS STORAGE JAR CREAM LID,629
21666,RIDGED GLASS T-LIGHT HOLDER,630
21667,GLASS CAKE COVER AND PLATE,631
21668,RED STRIPE CERAMIC DRAWER KNOB,632
21669,BLUE STRIPE CERAMIC DRAWER KNOB,633
21670,BLUE SPOT CERAMIC DRAWER KNOB,634
21671,RED SPOT CERAMIC DRAWER KNOB,635
21672,WHITE SPOT RED CERAMIC DRAWER KNOB,636
21673,WHITE SPOT BLUE CERAMIC DRAWER KNOB,637
21675,BUTTERFLIES STICKERS,638
21676,FLOWERS  STICKERS,639
21677,HEARTS  STICKERS,640
21678,PAISLEY PATTERN  STICKERS,641
21679,SKULLS  STICKERS,642
21680,WOODLAND  STICKERS,643
21681,GIANT MEDINA STAMPED METAL BOWL ,644
21682,LARGE MEDINA STAMPED METAL BOWL ,645
21683,MEDIUM MEDINA STAMPED METAL BOWL ,646
21684,SMALL MEDINA STAMPED METAL BOWL ,647
21686,MEDINA STAMPED METAL STOOL,648
21688,SILVER PLATE CANDLE BOWL SMALL,649
21689,SILVER VANILLA  FLOWER CANDLE POT,650
21690,SILVER  CANDLEPOT JARDIN ,651
21692,SILVER LATTICE VANILLA CANDLE POT,652
21693,SMALL HAMMERED SILVER CANDLEPOT ,653
21694,SMALL REGAL  SILVER CANDLEPOT ,654
21695,SMALL SILVER FLOWER CANDLE POT,655
21696,SMALL SILVER TRELLIS CANDLEPOT,656
21698,MOCK LOBSTER FRIDGE MAGNET,657
21700,BIG DOUGHNUT FRIDGE MAGNETS,658
21703,BAG 125g SWIRLY MARBLES,659
21704,BAG 250g SWIRLY MARBLES,660
21705,BAG 500g SWIRLY MARBLES,661
21706,FOLDING UMBRELLA RED/WHITE POLKADOT,662
21707,FOLDING UMBRELLA BLACKBLUE POLKADOT,663
21708,FOLDING UMBRELLA CREAM POLKADOT,664
21709,FOLDING UMBRELLA CHOCOLATE POLKADOT,665
21710,FOLDING UMBRELLA PINKWHITE POLKADOT,666
21711,FOLDING UMBRELLA WHITE/RED POLKADOT,667
21713,CITRONELLA CANDLE FLOWERPOT,668
21714,CITRONELLA CANDLE GARDEN POT,669
21715,GIRLS VINTAGE TIN SEASIDE BUCKET,670
21716,BOYS VINTAGE TIN SEASIDE BUCKET,671
21717,EASTER TIN BUCKET,672
21718,RED METAL BEACH SPADE ,673
21719,LOVELY BONBON STICKER SHEET,674
21720,CAKE SHOP  STICKER SHEET,675
21721,CANDY SHOP  STICKER SHEET,676
21722,SWEET PUDDING STICKER SHEET,677
21723,ALPHABET HEARTS STICKER SHEET,678
21724,PANDA AND BUNNIES STICKER SHEET,679
21725,SWEETIES  STICKERS,680
21726,MULTI HEARTS  STICKERS,681
21730,GLASS STAR FROSTED T-LIGHT HOLDER,682
21731,RED TOADSTOOL LED NIGHT LIGHT,683
21733,RED HANGING HEART T-LIGHT HOLDER,684
21735,TWO DOOR CURIO CABINET,685
21736,GOLD SCROLL GLASS T-LIGHT HOLDER,686
21738,COSY SLIPPER SHOES SMALL  RED ,687
21739,COSY SLIPPER SHOES SMALL GREEN,688
21741,COSY SLIPPER SHOES LARGE GREEN,689
21742,LARGE ROUND WICKER PLATTER ,690
21743,STAR PORTABLE TABLE LIGHT ,691
21744,SNOWFLAKE PORTABLE TABLE LIGHT ,692
21745,GAOLERS KEYS DECORATIVE GARDEN ,693
21746,SMALL RED RETROSPOT WINDMILL,694
21747,SMALL SKULL WINDMILL,695
21749,LARGE RED RETROSPOT WINDMILL,696
21750,LARGE SKULL WINDMILL,697
21754,HOME BUILDING BLOCK WORD,698
21755,LOVE BUILDING BLOCK WORD,699
21756,BATH BUILDING BLOCK WORD,700
21757,LIGHTHOUSE PRINTED METAL SIGN,701
21758,VINTAGE SHELLS PRINT,702
21761,WOOD AND GLASS MEDICINE CABINET,703
21763,VINTAGE WOODEN BAR STOOL,704
21769,VINTAGE POST OFFICE CABINET,705
21770,OPEN CLOSED METAL SIGN,706
21773,DECORATIVE ROSE BATHROOM BOTTLE,707
21774,DECORATIVE CATS BATHROOM BOTTLE,708
21775,DECORATIVE FLORE BATHROOM BOTTLE,709
21777,RECIPE BOX WITH METAL HEART,710
21781,MA CAMPAGNE CUTLERY BOX,711
21784,SHOE SHINE BOX ,712
21785,RAIN PONCHO ,713
21786,POLKADOT RAIN HAT ,714
21787,RAIN PONCHO RETROSPOT,715
21788,KIDS RAIN MAC BLUE,716
21789,KIDS RAIN MAC PINK,717
21790,VINTAGE SNAP CARDS,718
21791,VINTAGE HEADS AND TAILS CARD GAME ,719
21792,CLASSIC FRENCH STYLE BASKET GREEN ,720
21793,CLASSIC FRENCH STYLE BASKET BROWN,721
21794,CLASSIC FRENCH STYLE BASKET NATURAL,722
21801,CHRISTMAS TREE DECORATION WITH BELL,723
21802,CHRISTMAS TREE HEART DECORATION,724
21803,CHRISTMAS TREE STAR DECORATION,725
21804,WHITE CHRISTMAS GARLAND STARS TREES,726
21807,WHITE CHRISTMAS STAR DECORATION,727
21808,"CHRISTMAS GARLAND STARS,TREES",728
21809,CHRISTMAS HANGING TREE WITH BELL,729
21810,CHRISTMAS HANGING STAR WITH BELL,730
21811,HANGING HEART WITH BELL,731
21812,GARLAND WITH HEARTS AND BELLS,732
21813,GARLAND WITH STARS AND BELLS,733
21814,HEART T-LIGHT HOLDER ,734
21815,STAR  T-LIGHT HOLDER ,735
21816,CHRISTMAS TREE T-LIGHT HOLDER,736
21817,GLITTER CHRISTMAS TREE,737
21818,GLITTER HEART DECORATION,738
21819,GLITTER CHRISTMAS STAR ,739
21820,GLITTER HEART GARLAND WITH BELLS ,740
21821,GLITTER STAR GARLAND WITH BELLS ,741
21822,GLITTER CHRISTMAS TREE WITH BELLS,742
21823,PAINTED METAL HEART WITH HOLLY BELL,743
21824,PAINTED METAL STAR WITH HOLLY BELLS,744
21826,EIGHT PIECE DINOSAUR SET,745
21827,EIGHT PIECE CREEPY CRAWLIE SET,746
21828,EIGHT PIECE SNAKE  SET,747
21829,DINOSAUR KEYRINGS ASSORTED,748
21830,ASSORTED CREEPY CRAWLIES,749
21832,CHOCOLATE CALCULATOR,750
21833,CAMOUFLAGE LED TORCH,751
21836,GINGHAM OVEN GLOVE RED HEART ,752
21839,MUMMY MOUSE RED GINGHAM RIBBON,753
21841,BABY MOUSE RED GINGHAM DRESS,754
21843,RED RETROSPOT CAKE STAND,755
21844,RED RETROSPOT MUG,756
21845,DAIRY MAID STRIPE MUG,757
21846,PINK DIAMANTE PEN IN GIFT BOX,758
21847,GREEN  DIAMANTE PEN IN GIFT BOX,759
21849,SILVER DIAMANTE PEN IN GIFT BOX,760
21850,BLUE  DIAMANTE PEN IN GIFT BOX,761
21851,LILAC DIAMANTE PEN IN GIFT BOX,762
21864,UNION JACK FLAG PASSPORT COVER ,763
21865,PINK UNION JACK  PASSPORT COVER ,764
21866,UNION JACK FLAG LUGGAGE TAG,765
21867,PINK UNION JACK  LUGGAGE TAG,766
21868,POTTING SHED TEA MUG,767
21870,I CAN ONLY PLEASE ONE PERSON MUG,768
21871,SAVE THE PLANET MUG,769
21872,GLAMOROUS  MUG,770
21873,IF YOU CAN'T STAND THE HEAT MUG,771
21874,GIN AND TONIC MUG,772
21875,KINGS CHOICE MUG,773
21876,POTTERING MUG,774
21877,HOME SWEET HOME MUG,775
21878,PACK OF 6 SANDCASTLE FLAGS ASSORTED,776
21879,HEARTS GIFT TAPE,777
21880,RED RETROSPOT TAPE,778
21881,CUTE CATS TAPE,779
21882,SKULLS TAPE,780
21883,STARS GIFT TAPE ,781
21884,CAKES AND BOWS GIFT  TAPE,782
21888,BINGO SET,783
21889,WOODEN BOX OF DOMINOES,784
21890,S/6 WOODEN SKITTLES IN COTTON BAG,785
21891,TRADITIONAL WOODEN SKIPPING ROPE,786
21892,TRADITIONAL WOODEN CATCH CUP GAME ,787
21894,POTTING SHED SEED ENVELOPES,788
21895,POTTING SHED SOW 'N' GROW SET,789
21896,POTTING SHED TWINE,790
21897,POTTING SHED CANDLE CITRONELLA,791
21898,POTTING SHED ROSE CANDLE,792
21899,GARAGE KEY FOB,793
21900,"KEY FOB , SHED",794
21901,"KEY FOB , BACK DOOR ",795
21902,"KEY FOB , FRONT  DOOR ",796
21903,MAN FLU METAL SIGN,797
21904,HOUSE WRECKING METAL SIGN ,798
21905,MORE BUTTER METAL SIGN ,799
21906,PHARMACIE FIRST AID TIN,800
21907,I'M ON HOLIDAY METAL SIGN,801
21908,CHOCOLATE THIS WAY METAL SIGN,802
21910,WAY OUT METAL SIGN ,803
21911,GARDEN METAL SIGN ,804
21912,VINTAGE SNAKES & LADDERS,805
21913,VINTAGE SEASIDE JIGSAW PUZZLES,806
21914,BLUE HARMONICA IN BOX ,807
21915,RED  HARMONICA IN BOX ,808
21916,SET 12 RETRO WHITE CHALK STICKS,809
21917,SET 12 KIDS  WHITE CHALK STICKS,810
21918,SET 12 KIDS COLOUR  CHALK STICKS,811
21922,UNION STRIPE WITH FRINGE  HAMMOCK,812
21925,UNION STRIPE CUSHION COVER ,813
21926,RED/CREAM STRIPE CUSHION COVER ,814
21927,BLUE/CREAM STRIPE CUSHION COVER ,815
21928,JUMBO BAG SCANDINAVIAN BLUE PAISLEY,816
21929,JUMBO BAG PINK VINTAGE PAISLEY,817
21930,JUMBO STORAGE BAG SKULLS,818
21931,JUMBO STORAGE BAG SUKI,819
21932,SCANDINAVIAN PAISLEY PICNIC BAG,820
21933,PINK VINTAGE PAISLEY PICNIC BAG,821
21934,SKULL SHOULDER BAG,822
21935,SUKI  SHOULDER BAG,823
21936,RED RETROSPOT PICNIC BAG,824
21937,STRAWBERRY   PICNIC BAG,825
21942,SKULLS DESIGN FLANNEL,826
21943,CAKES AND RABBITS DESIGN FLANNEL ,827
21944,KITTENS DESIGN FLANNEL,828
21945,STRAWBERRIES  DESIGN FLANNEL ,829
21946,PARTY TIME DESIGN FLANNEL,830
21947,SET OF 6 HEART CHOPSTICKS,831
21948,SET OF 6 CAKE CHOPSTICKS,832
21949,SET OF 6 STRAWBERRY CHOPSTICKS,833
21955,DOORMAT UNION JACK GUNS AND ROSES,834
21967,PACK OF 12 SKULL TISSUES,835
21972,SET OF 36 DINOSAUR PAPER DOILIES,836
21973,SET OF 36 MUSHROOM PAPER DOILIES,837
21974,SET OF 36 PAISLEY FLOWER DOILIES,838
21975,PACK OF 60 DINOSAUR CAKE CASES,839
21976,PACK OF 60 MUSHROOM CAKE CASES,840
21977,PACK OF 60 PINK PAISLEY CAKE CASES,841
21980,PACK OF 12 RED RETROSPOT TISSUES ,842
21981,PACK OF 12 WOODLAND TISSUES ,843
21982,PACK OF 12 SUKI TISSUES ,844
21983,PACK OF 12 BLUE PAISLEY TISSUES ,845
21984,PACK OF 12 PINK PAISLEY TISSUES ,846
21985,PACK OF 12 HEARTS DESIGN TISSUES ,847
21986,PACK OF 12 PINK POLKADOT TISSUES,848
21987,PACK OF 6 SKULL PAPER CUPS,849
21988,PACK OF 6 SKULL PAPER PLATES,850
21989,PACK OF 20 SKULL PAPER NAPKINS,851
21990,MODERN FLORAL STATIONERY SET,852
21991,BOHEMIAN COLLAGE STATIONERY SET,853
21992,VINTAGE PAISLEY STATIONERY SET,854
21993,FLORAL FOLK STATIONERY SET,855
22021,BLUE FELT EASTER EGG BASKET,856
22023,EMPIRE BIRTHDAY CARD,857
22024,RAINY LADIES BIRTHDAY CARD,858
22025,RING OF ROSES BIRTHDAY CARD,859
22026,BANQUET BIRTHDAY  CARD  ,860
22027,TEA PARTY BIRTHDAY CARD,861
22028,PENNY FARTHING BIRTHDAY CARD,862
22029,SPACEBOY BIRTHDAY CARD,863
22030,SWALLOWS GREETING CARD,864
22031,BOTANICAL LAVENDER BIRTHDAY CARD,865
22032,BOTANICAL LILY GREETING CARD,866
22033,BOTANICAL ROSE GREETING CARD,867
22034,ROBIN CHRISTMAS CARD,868
22035,VINTAGE CARAVAN GREETING CARD ,869
22037,ROBOT BIRTHDAY CARD,870
22038,BOTANICAL LAVENDER GIFT WRAP ,871
22039,BOTANICAL LILY GIFT WRAP,872
22040,BOTANICAL ROSE GIFT WRAP,873
22041,"RECORD FRAME 7"" SINGLE SIZE ",874
22042,CHRISTMAS CARD SINGING ANGEL,875
22043,CHRISTMAS CARD SCREEN PRINT ,876
22044,CHRISTMAS CARD STACK OF PRESENTS,877
22045,SPACEBOY GIFT WRAP,878
22046,TEA PARTY  WRAPPING PAPER ,879
22047,EMPIRE GIFT WRAP,880
22048,BIRTHDAY BANQUET GIFT WRAP,881
22049,WRAP CHRISTMAS SCREEN PRINT,882
22050,PINK PAISLEY ROSE GIFT WRAP,883
22051,BLUE SCANDINAVIAN PAISLEY WRAP,884
22052,VINTAGE CARAVAN GIFT WRAP,885
22053,EMPIRE DESIGN ROSETTE,886
22055,MINI CAKE STAND  HANGING STRAWBERY,887
22057,CERAMIC PLATE STRAWBERRY DESIGN,888
22059,CERAMIC STRAWBERRY DESIGN MUG,889
22060,LARGE CAKE STAND HANGING HEARTS,890
22061,LARGE CAKE STAND  HANGING STRAWBERY,891
22062,CERAMIC BOWL WITH LOVE HEART DESIGN,892
22063,CERAMIC BOWL WITH STRAWBERRY DESIGN,893
22064,PINK DOUGHNUT TRINKET POT ,894
22065,CHRISTMAS PUDDING TRINKET POT ,895
22066,LOVE HEART TRINKET POT,896
22067,CHOC TRUFFLE GOLD TRINKET POT ,897
22068,BLACK PIRATE TREASURE CHEST,898
22069,BROWN  PIRATE TREASURE CHEST ,899
22070,SMALL RED RETROSPOT MUG IN BOX ,900
22071,SMALL WHITE RETROSPOT MUG IN BOX ,901
22072,RED RETROSPOT TEA CUP AND SAUCER ,902
22073,RED RETROSPOT STORAGE JAR,903
22074,6 RIBBONS SHIMMERING PINKS ,904
22075,6 RIBBONS ELEGANT CHRISTMAS ,905
22076,6 RIBBONS EMPIRE  ,906
22077,6 RIBBONS RUSTIC CHARM,907
22078,RIBBON REEL LACE DESIGN ,908
22079,RIBBON REEL HEARTS DESIGN ,909
22080,RIBBON REEL POLKADOTS ,910
22081,RIBBON REEL FLORA + FAUNA ,911
22082,RIBBON REEL STRIPES DESIGN ,912
22083,PAPER CHAIN KIT RETROSPOT,913
22084,PAPER CHAIN KIT EMPIRE,914
22085,PAPER CHAIN KIT SKULLS ,915
22086,PAPER CHAIN KIT 50'S CHRISTMAS ,916
22087,PAPER BUNTING WHITE LACE,917
22088,PAPER BUNTING COLOURED LACE,918
22089,PAPER BUNTING VINTAGE PAISLEY,919
22090,PAPER BUNTING RETROSPOT,920
22091,EMPIRE TISSUE BOX,921
22092,BLUE PAISLEY TISSUE BOX,922
22093,MOTORING TISSUE BOX,923
22094,RED RETROSPOT TISSUE BOX,924
22095,LADS ONLY TISSUE BOX,925
22096,PINK PAISLEY SQUARE TISSUE BOX ,926
22097,SWALLOW SQUARE TISSUE BOX,927
22098,BOUDOIR SQUARE TISSUE BOX,928
22099,CARAVAN SQUARE TISSUE BOX,929
22100,SKULLS SQUARE TISSUE BOX,930
22101,MIRROR MOSAIC VOTIVE HOLDER,931
22102,MIRROR MOSAIC T-LIGHT HOLDER ,932
22103,MIRROR MOSAIC T-LIGHT HOLDER ROUND,933
22104,MIRROR MOSAIC CANDLE PLATE,934
22105,MIRROR MOSAIC GOBLET CANDLE HOLDER,935
22106,MIRROR MOSAIC HURRICANE LAMP ,936
22107,PIZZA PLATE IN BOX,937
22108,PING! MICROWAVE PLATE,938
22109,FULL ENGLISH BREAKFAST PLATE,939
22110,BIRD HOUSE HOT WATER BOTTLE,940
22111,SCOTTIE DOG HOT WATER BOTTLE,941
22112,CHOCOLATE HOT WATER BOTTLE,942
22113,GREY HEART HOT WATER BOTTLE,943
22114,HOT WATER BOTTLE TEA AND SYMPATHY,944
22115,METAL SIGN EMPIRE TEA,945
22116,METAL SIGN HIS DINNER IS SERVED,946
22117,METAL SIGN HER DINNER IS SERVED ,947
22118,JOY WOODEN BLOCK LETTERS,948
22119,PEACE WOODEN BLOCK LETTERS,949
22120,WELCOME  WOODEN BLOCK LETTERS,950
22121,NOEL WOODEN BLOCK LETTERS ,951
22123,PING MICROWAVE APRON,952
22124,SET OF 2 TEA TOWELS PING MICROWAVE,953
22125,UNION JACK HOT WATER BOTTLE ,954
22127,PARTY CONES CARNIVAL ASSORTED,955
22128,PARTY CONES CANDY ASSORTED,956
22129,PARTY CONES CANDY TREE DECORATION,957
22130,PARTY CONE CHRISTMAS DECORATION ,958
22131,FOOD CONTAINER SET 3 LOVE HEART ,959
22132,RED LOVE HEART SHAPE CUP,960
22133,PINK LOVE HEART SHAPE CUP,961
22134,MINI LADLE LOVE HEART RED ,962
22135,MINI LADLE LOVE HEART PINK,963
22136,LOVE HEART SOCK HANGER,964
22137,BATHROOM SET LOVE HEART DESIGN,965
22138,BAKING SET 9 PIECE RETROSPOT ,966
22139,RETROSPOT TEA SET CERAMIC 11 PC ,967
22141,CHRISTMAS CRAFT TREE TOP ANGEL,968
22142,CHRISTMAS CRAFT WHITE FAIRY ,969
22144,CHRISTMAS CRAFT LITTLE FRIENDS,970
22145,CHRISTMAS CRAFT HEART STOCKING ,971
22146,EASTER CRAFT IVY WREATH WITH CHICK,972
22147,FELTCRAFT BUTTERFLY HEARTS,973
22148,EASTER CRAFT 4 CHICKS ,974
22149,FELTCRAFT 6 FLOWER FRIENDS,975
22150,3 STRIPEY MICE FELTCRAFT,976
22151,PLACE SETTING WHITE HEART,977
22152,PLACE SETTING WHITE STAR,978
22153,ANGEL DECORATION STARS ON DRESS,979
22154,ANGEL DECORATION 3 BUTTONS ,980
22155,STAR DECORATION RUSTIC,981
22156,HEART DECORATION WITH PEARLS ,982
22157,ANGEL DECORATION WITH LACE PADDED,983
22158,3 HEARTS HANGING DECORATION RUSTIC,984
22161,HEART DECORATION RUSTIC HANGING ,985
22162,HEART GARLAND RUSTIC PADDED,986
22163,HEART STRING MEMO HOLDER HANGING,987
22164,STRING OF STARS CARD HOLDER,988
22165,"DIAMANTE HEART SHAPED WALL MIRROR, ",989
22166,WALL MIRROR RECTANGLE DIAMANTE PINK,990
22167, OVAL WALL MIRROR DIAMANTE ,991
22168,ORGANISER WOOD ANTIQUE WHITE ,992
22169,FAMILY ALBUM WHITE PICTURE FRAME,993
22170,PICTURE FRAME WOOD TRIPLE PORTRAIT,994
22171,3 HOOK PHOTO SHELF ANTIQUE WHITE,995
22173,METAL 4 HOOK HANGER FRENCH CHATEAU,996
22174,PHOTO CUBE,997
22175,PINK OWL SOFT TOY,998
22176,BLUE OWL SOFT TOY,999
22178,VICTORIAN GLASS HANGING T-LIGHT,1000
22179,SET 10 NIGHT OWL LIGHTS,1001
22180,RETROSPOT LAMP,1002
22181,SNOWSTORM PHOTO FRAME FRIDGE MAGNET,1003
22182,CAKE STAND VICTORIAN FILIGREE SMALL,1004
22183,CAKE STAND VICTORIAN FILIGREE MED,1005
22184,CAKE STAND VICTORIAN FILIGREE LARGE,1006
22185,SLATE TILE NATURAL HANGING,1007
22186,RED STAR CARD HOLDER,1008
22187,GREEN CHRISTMAS TREE CARD HOLDER,1009
22188,BLACK HEART CARD HOLDER,1010
22189,CREAM HEART CARD HOLDER,1011
22190,LOCAL CAFE MUG,1012
22191,IVORY DINER WALL CLOCK,1013
22192,BLUE DINER WALL CLOCK,1014
22193,RED DINER WALL CLOCK,1015
22194,BLACK DINER WALL CLOCK,1016
22195,LARGE HEART MEASURING SPOONS,1017
22196,SMALL HEART MEASURING SPOONS,1018
22197,POPCORN HOLDER,1019
22198,LARGE POPCORN HOLDER ,1020
22199,FRYING PAN RED RETROSPOT,1021
22200,FRYING PAN PINK POLKADOT,1022
22201,FRYING PAN BLUE POLKADOT,1023
22202,MILK PAN PINK POLKADOT,1024
22203,MILK PAN RED RETROSPOT,1025
22204,MILK PAN BLUE POLKADOT,1026
22207,FRYING PAN UNION FLAG,1027
22208,WOOD STAMP SET THANK YOU,1028
22209,WOOD STAMP SET HAPPY BIRTHDAY,1029
22210,WOOD STAMP SET BEST WISHES,1030
22211,WOOD STAMP SET FLOWERS,1031
22212,FOUR HOOK  WHITE LOVEBIRDS,1032
22214,CANDLE PLATE LACE WHITE,1033
22215,CAKE STAND WHITE TWO TIER LACE,1034
22216,T-LIGHT HOLDER WHITE LACE,1035
22217,T-LIGHT HOLDER HANGING LACE,1036
22218,CAKE STAND LACE WHITE,1037
22219,LOVEBIRD HANGING DECORATION WHITE ,1038
22220,CAKE STAND LOVEBIRD 2 TIER WHITE,1039
22221,CAKE STAND LOVEBIRD 2 TIER PINK,1040
22222,CAKE PLATE LOVEBIRD WHITE,1041
22223,CAKE PLATE LOVEBIRD PINK,1042
22224,WHITE LOVEBIRD LANTERN,1043
22227,HANGING HEART MIRROR DECORATION ,1044
22228,BUNNY WOODEN PAINTED WITH BIRD ,1045
22229,BUNNY WOODEN PAINTED WITH FLOWER ,1046
22230,JIGSAW TREE WITH WATERING CAN,1047
22231,JIGSAW TREE WITH BIRDHOUSE,1048
22232,JIGSAW TOADSTOOLS 3 PIECE,1049
22233,JIGSAW RABBIT AND BIRDHOUSE,1050
22236,CAKE STAND 3 TIER MAGIC GARDEN,1051
22241,GARLAND WOODEN HAPPY EASTER,1052
22242,5 HOOK HANGER MAGIC TOADSTOOL,1053
22243,5 HOOK HANGER RED MAGIC TOADSTOOL,1054
22244,3 HOOK HANGER MAGIC GARDEN,1055
22245,"HOOK, 1 HANGER ,MAGIC GARDEN",1056
22246,MAGIC GARDEN FELT GARLAND ,1057
22247,BUNNY DECORATION MAGIC GARDEN,1058
22248,DECORATION  PINK CHICK MAGIC GARDEN,1059
22249,DECORATION WHITE CHICK MAGIC GARDEN,1060
22250,DECORATION  BUTTERFLY  MAGIC GARDEN,1061
22251,BIRDHOUSE DECORATION MAGIC GARDEN,1062
22252,BIRDCAGE DECORATION TEALIGHT HOLDER,1063
22254,FELT TOADSTOOL LARGE,1064
22255,FELT TOADSTOOL  SMALL,1065
22256,FELT FARM ANIMAL CHICKEN,1066
22257,FELT FARM ANIMAL SHEEP,1067
22258,FELT FARM ANIMAL RABBIT,1068
22259,FELT FARM ANIMAL HEN,1069
22260,FELT EGG COSY BLUE RABBIT ,1070
22261,FELT EGG COSY WHITE RABBIT ,1071
22262,FELT EGG COSY CHICKEN,1072
22263,FELT EGG COSY LADYBIRD ,1073
22264,FELT FARM ANIMAL WHITE BUNNY ,1074
22265,EASTER DECORATION NATURAL CHICK,1075
22266,EASTER DECORATION HANGING BUNNY,1076
22267,EASTER DECORATION EGG BUNNY ,1077
22268,EASTER DECORATION SITTING BUNNY,1078
22269,EGG CUP NATURAL CHICKEN,1079
22270,HAPPY EASTER HANGING DECORATION,1080
22271,FELTCRAFT DOLL ROSIE,1081
22272,FELTCRAFT DOLL MARIA,1082
22273,FELTCRAFT DOLL MOLLY,1083
22274,FELTCRAFT DOLL EMILY,1084
22275,WEEKEND BAG VINTAGE ROSE PAISLEY,1085
22276,WASH BAG VINTAGE ROSE PAISLEY,1086
22277,COSMETIC BAG VINTAGE ROSE PAISLEY,1087
22278,OVERNIGHT BAG VINTAGE ROSE PAISLEY,1088
22279,POCKET BAG BLUE PAISLEY RED SPOT,1089
22280,POCKET BAG PINK PAISELY BROWN SPOT,1090
22281,EASTER TREE YELLOW BIRDS,1091
22282,12 EGG HOUSE PAINTED WOOD,1092
22283,6 EGG HOUSE PAINTED WOOD,1093
22284,HEN HOUSE DECORATION,1094
22285,HANGING HEN ON NEST DECORATION,1095
22286,DECORATION WOBBLY RABBIT METAL ,1096
22287,DECORATION WOBBLY CHICKEN,1097
22288,HANGING METAL RABBIT DECORATION,1098
22289,HANGING METAL CHICKEN DECORATION,1099
22291,HANGING CHICK CREAM DECORATION,1100
22292,HANGING CHICK  YELLOW DECORATION,1101
22293,HANGING CHICK GREEN DECORATION,1102
22294,HEART FILIGREE DOVE  SMALL,1103
22295,HEART FILIGREE DOVE LARGE,1104
22296,HEART IVORY TRELLIS LARGE,1105
22297,HEART IVORY TRELLIS SMALL,1106
22299,PIG KEYRING WITH LIGHT & SOUND ,1107
22300,COFFEE MUG DOG + BALL DESIGN,1108
22301,COFFEE MUG CAT + BIRD DESIGN,1109
22302,COFFEE MUG PEARS  DESIGN,1110
22303,COFFEE MUG APPLES DESIGN,1111
22304,COFFEE MUG BLUE PAISLEY DESIGN,1112
22305,COFFEE MUG PINK PAISLEY DESIGN,1113
22306,SILVER MUG BONE CHINA TREE OF LIFE,1114
22307,GOLD MUG BONE CHINA TREE OF LIFE,1115
22308,TEA COSY BLUE STRIPE,1116
22309,TEA COSY RED  STRIPE,1117
22310,IVORY KNITTED MUG COSY ,1118
22311,OFFICE MUG WARMER BLACK+SILVER ,1119
22312,OFFICE MUG WARMER POLKADOT,1120
22313,OFFICE MUG WARMER PINK,1121
22314,OFFICE MUG WARMER CHOC+BLUE,1122
22315,200 RED + WHITE BENDY STRAWS,1123
22316,200 BENDY SKULL STRAWS,1124
22317,FIVE CATS HANGING DECORATION,1125
22318,FIVE HEART HANGING DECORATION,1126
22319,HAIRCLIPS FORTIES FABRIC ASSORTED,1127
22320,BIRDS MOBILE VINTAGE DESIGN,1128
22321,BIRD DECORATION RED RETROSPOT,1129
22322,BIRD DECORATION GREEN POLKADOT,1130
22323,PINK POLKADOT KIDS BAG,1131
22324,BLUE POLKADOT KIDS BAG,1132
22325,MOBILE VINTAGE HEARTS ,1133
22326,ROUND SNACK BOXES SET OF4 WOODLAND ,1134
22327,ROUND SNACK BOXES SET OF 4 SKULLS,1135
22328,ROUND SNACK BOXES SET OF 4 FRUITS ,1136
22329,ROUND CONTAINER SET OF 5 RETROSPOT,1137
22331,WOODLAND PARTY BAG + STICKER SET,1138
22332,SKULLS PARTY BAG + STICKER SET,1139
22333,RETROSPOT PARTY BAG + STICKER SET,1140
22334,DINOSAUR PARTY BAG + STICKER SET,1141
22335,HEART DECORATION PAINTED ZINC ,1142
22336,DOVE DECORATION PAINTED ZINC ,1143
22337,ANGEL DECORATION PAINTED ZINC ,1144
22338,STAR DECORATION PAINTED ZINC ,1145
22339,CHRISTMAS TREE PAINTED ZINC ,1146
22340,NOEL GARLAND PAINTED ZINC ,1147
22341,LOVE GARLAND PAINTED ZINC ,1148
22342,HOME GARLAND PAINTED ZINC ,1149
22343,PARTY PIZZA DISH RED RETROSPOT,1150
22344,PARTY PIZZA DISH PINK POLKADOT,1151
22345,PARTY PIZZA DISH BLUE POLKADOT,1152
22346,PARTY PIZZA DISH GREEN POLKADOT,1153
22348,TEA BAG PLATE RED RETROSPOT,1154
22349,DOG BOWL CHASING BALL DESIGN,1155
22350,ILLUSTRATED CAT BOWL ,1156
22351,DOTCOMGIFTSHOP TEA TOWEL,1157
22352,LUNCH BOX WITH CUTLERY RETROSPOT ,1158
22353,LUNCH BOX WITH CUTLERY FAIRY CAKES ,1159
22354,RETROSPOT PADDED SEAT CUSHION,1160
22355,CHARLOTTE BAG SUKI DESIGN,1161
22356,CHARLOTTE BAG PINK POLKADOT,1162
22357,KINGS CHOICE BISCUIT TIN,1163
22358,KINGS CHOICE TEA CADDY ,1164
22359,GLASS JAR KINGS CHOICE,1165
22360,GLASS JAR ENGLISH CONFECTIONERY,1166
22361,GLASS JAR DAISY FRESH COTTON WOOL,1167
22362,GLASS JAR PEACOCK BATH SALTS,1168
22363,GLASS JAR MARMALADE ,1169
22364,GLASS JAR DIGESTIVE BISCUITS,1170
22365,DOORMAT RESPECTABLE HOUSE,1171
22366,DOORMAT AIRMAIL ,1172
22367,CHILDRENS APRON SPACEBOY DESIGN,1173
22371,AIRLINE BAG VINTAGE TOKYO 78,1174
22372,AIRLINE BAG VINTAGE WORLD CHAMPION ,1175
22374,AIRLINE BAG VINTAGE JET SET RED,1176
22375,AIRLINE BAG VINTAGE JET SET BROWN,1177
22376,AIRLINE BAG VINTAGE JET SET WHITE,1178
22377,BOTTLE BAG RETROSPOT ,1179
22378,WALL TIDY RETROSPOT ,1180
22379,RECYCLING BAG RETROSPOT ,1181
22380,TOY TIDY SPACEBOY  ,1182
22381,TOY TIDY PINK POLKADOT,1183
22382,LUNCH BAG SPACEBOY DESIGN ,1184
22383,LUNCH BAG SUKI DESIGN ,1185
22384,LUNCH BAG PINK POLKADOT,1186
22385,JUMBO BAG SPACEBOY DESIGN,1187
22386,JUMBO BAG PINK POLKADOT,1188
22389,PAPERWEIGHT SAVE THE PLANET,1189
22390,PAPERWEIGHT CHILDHOOD MEMORIES,1190
22391,PAPERWEIGHT HOME SWEET HOME,1191
22393,PAPERWEIGHT VINTAGE COLLAGE,1192
22394,PAPERWEIGHT KINGS CHOICE ,1193
22395,PAPERWEIGHT VINTAGE PAISLEY,1194
22396,MAGNETS PACK OF 4 RETRO PHOTO,1195
22398,MAGNETS PACK OF 4 SWALLOWS,1196
22399,MAGNETS PACK OF 4 CHILDHOOD MEMORY,1197
22400,MAGNETS PACK OF 4 HOME SWEET HOME,1198
22402,MAGNETS PACK OF 4 VINTAGE COLLAGE,1199
22403,MAGNETS PACK OF 4 VINTAGE LABELS ,1200
22405,MONEY BOX POCKET MONEY DESIGN,1201
22406,MONEY BOX KINGS CHOICE DESIGN,1202
22407,MONEY BOX FIRST ADE DESIGN,1203
22408,MONEY BOX CONFECTIONERY DESIGN,1204
22409,MONEY BOX BISCUITS DESIGN,1205
22410,MONEY BOX HOUSEKEEPING DESIGN,1206
22411,JUMBO SHOPPER VINTAGE RED PAISLEY,1207
22412,METAL SIGN NEIGHBOURHOOD WITCH ,1208
22413,METAL SIGN TAKE IT OR LEAVE IT ,1209
22414,DOORMAT NEIGHBOURHOOD WITCH ,1210
22415,WHITE TISSUE REAM,1211
22416,SET OF 36 DOILIES SPACEBOY DESIGN ,1212
22417,PACK OF 60 SPACEBOY CAKE CASES,1213
22418,10 COLOUR SPACEBOY PEN,1214
22419,LIPSTICK PEN RED,1215
22420,LIPSTICK PEN BABY PINK,1216
22421,LIPSTICK PEN FUSCHIA,1217
22422,TOOTHPASTE TUBE PEN,1218
22423,REGENCY CAKESTAND 3 TIER,1219
22424,ENAMEL BREAD BIN CREAM,1220
22425,ENAMEL COLANDER CREAM,1221
22426,ENAMEL WASH BOWL CREAM,1222
22427,ENAMEL FLOWER JUG CREAM,1223
22428,ENAMEL FIRE BUCKET CREAM,1224
22429,ENAMEL MEASURING JUG CREAM,1225
22430,ENAMEL WATERING CAN CREAM,1226
22431,WATERING CAN BLUE ELEPHANT,1227
22432,WATERING CAN PINK BUNNY,1228
22433,WATERING CAN GREEN DINOSAUR,1229
22434,BALLOON PUMP WITH 10 BALLOONS,1230
22435,SET OF 9 HEART SHAPED BALLOONS,1231
22436,12 COLOURED PARTY BALLOONS,1232
22437,SET OF 9 BLACK SKULL BALLOONS,1233
22438,BALLOON ART MAKE YOUR OWN FLOWERS,1234
22439,6 ROCKET BALLOONS ,1235
22440,BALLOON WATER BOMB PACK OF 35,1236
22441,GROW YOUR OWN BASIL IN ENAMEL MUG,1237
22442,GROW YOUR OWN FLOWERS SET OF 3,1238
22443,GROW YOUR OWN HERBS SET OF 3,1239
22444,GROW YOUR OWN PLANT IN A CAN ,1240
22445,PENCIL CASE LIFE IS BEAUTIFUL,1241
22446,PIN CUSHION BABUSHKA PINK,1242
22447,PIN CUSHION BABUSHKA BLUE,1243
22448,PIN CUSHION BABUSHKA RED,1244
22449,SILK PURSE BABUSHKA PINK,1245
22450,SILK PURSE BABUSHKA BLUE,1246
22451,SILK PURSE BABUSHKA RED,1247
22452,MEASURING TAPE BABUSHKA PINK,1248
22453,MEASURING TAPE BABUSHKA BLUE,1249
22454,MEASURING TAPE BABUSHKA RED,1250
22456,NATURAL SLATE CHALKBOARD LARGE ,1251
22457,NATURAL SLATE HEART CHALKBOARD ,1252
22458,CAST IRON HOOK GARDEN FORK,1253
22459,CAST IRON HOOK GARDEN TROWEL,1254
22460,EMBOSSED GLASS TEALIGHT HOLDER,1255
22461,SAVOY ART DECO CLOCK,1256
22464,HANGING METAL HEART LANTERN,1257
22465,HANGING METAL STAR LANTERN,1258
22466,FAIRY TALE COTTAGE NIGHT LIGHT,1259
22467,GUMBALL COAT RACK,1260
22468,BABUSHKA LIGHTS STRING OF 10,1261
22469,HEART OF WICKER SMALL,1262
22470,HEART OF WICKER LARGE,1263
22471,TV DINNER TRAY AIR HOSTESS ,1264
22472,TV DINNER TRAY DOLLY GIRL,1265
22473,TV DINNER TRAY VINTAGE PAISLEY,1266
22474,SPACEBOY TV DINNER TRAY,1267
22475,SKULL DESIGN TV DINNER TRAY,1268
22476,EMPIRE UNION JACK TV DINNER TRAY,1269
22477,WATERING CAN GARDEN MARKER,1270
22478,BIRDHOUSE GARDEN MARKER ,1271
22479,DAISY GARDEN MARKER,1272
22480,RED TEA TOWEL CLASSIC DESIGN,1273
22481,BLACK TEA TOWEL CLASSIC DESIGN,1274
22482,BLUE TEA TOWEL CLASSIC DESIGN,1275
22483,RED GINGHAM TEDDY BEAR ,1276
22485,SET OF 2 WOODEN MARKET CRATES,1277
22486,PLASMATRONIC LAMP,1278
22487,WHITE WOOD GARDEN PLANT LADDER,1279
22488,NATURAL SLATE RECTANGLE CHALKBOARD,1280
22489,PACK OF 12 TRADITIONAL CRAYONS,1281
22491,PACK OF 12 COLOURED PENCILS,1282
22492,MINI PAINT SET VINTAGE ,1283
22493,PAINT YOUR OWN CANVAS SET,1284
22494,EMERGENCY FIRST AID TIN ,1285
22495,SET OF 2 ROUND TINS CAMEMBERT ,1286
22496,SET OF 2 ROUND TINS DUTCH CHEESE,1287
22497,SET OF 2 TINS VINTAGE BATHROOM ,1288
22498,WOODEN REGATTA BUNTING,1289
22499,WOODEN UNION JACK BUNTING,1290
22500,SET OF 2 TINS JARDIN DE PROVENCE,1291
22501,PICNIC BASKET WICKER LARGE,1292
22502,PICNIC BASKET WICKER SMALL,1293
22503,CABIN BAG VINTAGE PAISLEY,1294
22504,CABIN BAG VINTAGE RETROSPOT,1295
22505,MEMO BOARD COTTAGE DESIGN,1296
22507,MEMO BOARD RETROSPOT  DESIGN,1297
22508,DOORSTOP RETROSPOT HEART,1298
22509,SEWING BOX RETROSPOT DESIGN ,1299
22510,GINGHAM BABUSHKA DOORSTOP,1300
22511,RETROSPOT BABUSHKA DOORSTOP,1301
22512,DOORSTOP RACING CAR DESIGN,1302
22513,DOORSTOP FOOTBALL DESIGN,1303
22514,CHILDS GARDEN SPADE BLUE,1304
22515,CHILDS GARDEN SPADE PINK,1305
22516,CHILDS GARDEN RAKE BLUE,1306
22517,CHILDS GARDEN RAKE PINK,1307
22518,CHILDS GARDEN BRUSH BLUE,1308
22519,CHILDS GARDEN BRUSH PINK,1309
22520,CHILDS GARDEN TROWEL BLUE ,1310
22521,CHILDS GARDEN TROWEL PINK,1311
22522,CHILDS GARDEN FORK BLUE ,1312
22523,CHILDS GARDEN FORK PINK,1313
22524,CHILDRENS GARDEN GLOVES BLUE,1314
22525,CHILDRENS GARDEN GLOVES PINK,1315
22526,WHEELBARROW FOR CHILDREN ,1316
22529,MAGIC DRAWING SLATE GO TO THE FAIR ,1317
22530,MAGIC DRAWING SLATE DOLLY GIRL ,1318
22531,MAGIC DRAWING SLATE CIRCUS PARADE  ,1319
22532,MAGIC DRAWING SLATE LEAP FROG ,1320
22533,MAGIC DRAWING SLATE BAKE A CAKE ,1321
22534,MAGIC DRAWING SLATE SPACEBOY ,1322
22535,MAGIC DRAWING SLATE BUNNIES ,1323
22536,MAGIC DRAWING SLATE PURDEY,1324
22537,MAGIC DRAWING SLATE DINOSAUR,1325
22538,MINI JIGSAW GO TO THE FAIR,1326
22539,MINI JIGSAW DOLLY GIRL,1327
22540,MINI JIGSAW CIRCUS PARADE ,1328
22541,MINI JIGSAW LEAP FROG,1329
22543,MINI JIGSAW BAKE A CAKE ,1330
22544,MINI JIGSAW SPACEBOY,1331
22545,MINI JIGSAW BUNNIES,1332
22546,MINI JIGSAW PURDEY,1333
22547,MINI JIGSAW DINOSAUR ,1334
22548,HEADS AND TAILS SPORTING FUN,1335
22549,PICTURE DOMINOES,1336
22550,HOLIDAY FUN LUDO,1337
22551,PLASTERS IN TIN SPACEBOY,1338
22553,PLASTERS IN TIN SKULLS,1339
22554,PLASTERS IN TIN WOODLAND ANIMALS,1340
22555,PLASTERS IN TIN STRONGMAN,1341
22556,PLASTERS IN TIN CIRCUS PARADE ,1342
22557,PLASTERS IN TIN VINTAGE PAISLEY ,1343
22558,CLOTHES PEGS RETROSPOT PACK 24 ,1344
22559,SEASIDE FLYING DISC,1345
22560,TRADITIONAL MODELLING CLAY,1346
22561,WOODEN SCHOOL COLOURING SET,1347
22562,MONSTERS STENCIL CRAFT,1348
22563,HAPPY STENCIL CRAFT,1349
22564,ALPHABET STENCIL CRAFT,1350
22565,FELTCRAFT HAIRBANDS PINK AND WHITE ,1351
22566,FELTCRAFT HAIRBAND PINK AND PURPLE,1352
22567,20 DOLLY PEGS RETROSPOT,1353
22568,FELTCRAFT CUSHION OWL,1354
22569,FELTCRAFT CUSHION BUTTERFLY,1355
22570,FELTCRAFT CUSHION RABBIT,1356
22571,ROCKING HORSE RED CHRISTMAS ,1357
22572,ROCKING HORSE GREEN CHRISTMAS ,1358
22573,STAR WOODEN CHRISTMAS DECORATION,1359
22574,HEART WOODEN CHRISTMAS DECORATION,1360
22575,METAL MERRY CHRISTMAS WREATH,1361
22576,SWALLOW WOODEN CHRISTMAS DECORATION,1362
22577,WOODEN HEART CHRISTMAS SCANDINAVIAN,1363
22578,WOODEN STAR CHRISTMAS SCANDINAVIAN,1364
22579,WOODEN TREE CHRISTMAS SCANDINAVIAN,1365
22580,ADVENT CALENDAR GINGHAM SACK,1366
22581,WOOD STOCKING CHRISTMAS SCANDISPOT,1367
22582,PACK OF 6 SWEETIE GIFT BOXES,1368
22583,PACK OF 6 HANDBAG GIFT BOXES,1369
22584,PACK OF 6 PANNETONE GIFT BOXES,1370
22585,PACK OF 6 BIRDY GIFT TAGS,1371
22586,FELTCRAFT HAIRBAND PINK AND BLUE,1372
22587,FELTCRAFT HAIRBAND RED AND BLUE,1373
22588,CARD HOLDER GINGHAM HEART,1374
22589,CARDHOLDER GINGHAM STAR,1375
22591,CARDHOLDER GINGHAM CHRISTMAS TREE,1376
22592,CARDHOLDER HOLLY WREATH METAL,1377
22593,CHRISTMAS GINGHAM STAR,1378
22594,CHRISTMAS GINGHAM TREE,1379
22595,GINGHAM HEART DECORATION,1380
22596,CHRISTMAS STAR WISH LIST CHALKBOARD,1381
22597,MUSICAL ZINC HEART DECORATION ,1382
22598,CHRISTMAS MUSICAL ZINC TREE,1383
22599,CHRISTMAS MUSICAL ZINC STAR,1384
22600,CHRISTMAS RETROSPOT STAR WOOD,1385
22601,CHRISTMAS RETROSPOT ANGEL WOOD,1386
22602,RETROSPOT WOODEN HEART DECORATION,1387
22603,CHRISTMAS RETROSPOT TREE WOOD,1388
22604,SET OF 4 NAPKIN CHARMS CUTLERY,1389
22605,WOODEN CROQUET GARDEN SET,1390
22606,WOODEN SKITTLES GARDEN SET,1391
22607,WOODEN ROUNDERS GARDEN SET ,1392
22608,PENS ASSORTED FUNKY JEWELED ,1393
22609,PENS ASSORTED SPACEBALL,1394
22610,PENS ASSORTED FUNNY FACE,1395
22611,VINTAGE UNION JACK SHOPPING BAG,1396
22613,PACK OF 20 SPACEBOY NAPKINS,1397
22614,PACK OF 12 SPACEBOY TISSUES,1398
22615,PACK OF 12 CIRCUS PARADE TISSUES ,1399
22616,PACK OF 12 LONDON TISSUES ,1400
22617,BAKING SET SPACEBOY DESIGN,1401
22618,COOKING SET RETROSPOT,1402
22619,SET OF 6 SOLDIER SKITTLES,1403
22620,4 TRADITIONAL SPINNING TOPS,1404
22621,TRADITIONAL KNITTING NANCY,1405
22622,BOX OF VINTAGE ALPHABET BLOCKS,1406
22623,BOX OF VINTAGE JIGSAW BLOCKS ,1407
22624,IVORY KITCHEN SCALES,1408
22625,RED KITCHEN SCALES,1409
22626,BLACK KITCHEN SCALES,1410
22627,MINT KITCHEN SCALES,1411
22628,PICNIC BOXES SET OF 3 RETROSPOT ,1412
22629,SPACEBOY LUNCH BOX ,1413
22630,DOLLY GIRL LUNCH BOX,1414
22631,CIRCUS PARADE LUNCH BOX ,1415
22632,HAND WARMER RED RETROSPOT,1416
22633,HAND WARMER UNION JACK,1417
22634,CHILDS BREAKFAST SET SPACEBOY ,1418
22635,CHILDS BREAKFAST SET DOLLY GIRL ,1419
22636,CHILDS BREAKFAST SET CIRCUS PARADE,1420
22637,PIGGY BANK RETROSPOT ,1421
22638,SET OF 4 NAPKIN CHARMS CROWNS ,1422
22639,SET OF 4 NAPKIN CHARMS HEARTS,1423
22640,SET OF 4 NAPKIN CHARMS 3 KEYS ,1424
22641,SET OF 4 NAPKIN CHARMS INSTRUMENT,1425
22642,SET OF 4 NAPKIN CHARMS STARS   ,1426
22643,SET OF 4 NAPKIN CHARMS LEAVES   ,1427
22644,CERAMIC CHERRY CAKE MONEY BANK,1428
22645,CERAMIC HEART FAIRY CAKE MONEY BANK,1429
22646,CERAMIC STRAWBERRY CAKE MONEY BANK,1430
22647,CERAMIC LOVE HEART MONEY BANK,1431
22649,STRAWBERRY FAIRY CAKE TEAPOT,1432
22650,CERAMIC PIRATE CHEST MONEY BANK,1433
22651,GENTLEMAN SHIRT REPAIR KIT ,1434
22652,TRAVEL SEWING KIT,1435
22653,BUTTON BOX ,1436
22654,DELUXE SEWING KIT ,1437
22655,VINTAGE RED KITCHEN CABINET,1438
22656,VINTAGE BLUE KITCHEN CABINET,1439
22659,LUNCH BOX I LOVE LONDON,1440
22660,DOORMAT I LOVE LONDON,1441
22661,CHARLOTTE BAG DOLLY GIRL DESIGN,1442
22662,LUNCH BAG DOLLY GIRL DESIGN,1443
22663,JUMBO BAG DOLLY GIRL DESIGN,1444
22664,TOY TIDY DOLLY GIRL DESIGN,1445
22665,RECIPE BOX BLUE SKETCHBOOK DESIGN,1446
22666,RECIPE BOX PANTRY YELLOW DESIGN,1447
22667,RECIPE BOX RETROSPOT ,1448
22668,PINK BABY BUNTING,1449
22669,RED BABY BUNTING ,1450
22670,FRENCH WC SIGN BLUE METAL,1451
22671,FRENCH LAUNDRY SIGN BLUE METAL,1452
22672,FRENCH BATHROOM SIGN BLUE METAL,1453
22673,FRENCH GARDEN SIGN BLUE METAL,1454
22674,FRENCH TOILET SIGN BLUE METAL,1455
22675,FRENCH KITCHEN SIGN BLUE METAL,1456
22676,FRENCH BLUE METAL DOOR SIGN 1,1457
22677,FRENCH BLUE METAL DOOR SIGN 2,1458
22678,FRENCH BLUE METAL DOOR SIGN 3,1459
22679,FRENCH BLUE METAL DOOR SIGN 4,1460
22680,FRENCH BLUE METAL DOOR SIGN 5,1461
22681,FRENCH BLUE METAL DOOR SIGN 6,1462
22682,FRENCH BLUE METAL DOOR SIGN 7,1463
22683,FRENCH BLUE METAL DOOR SIGN 8,1464
22684,FRENCH BLUE METAL DOOR SIGN 9,1465
22685,FRENCH BLUE METAL DOOR SIGN 0,1466
22686,FRENCH BLUE METAL DOOR SIGN No,1467
22687,DOORMAT CHRISTMAS VILLAGE,1468
22688,DOORMAT PEACE ON EARTH BLUE,1469
22689,DOORMAT MERRY CHRISTMAS RED ,1470
22690,DOORMAT HOME SWEET HOME BLUE ,1471
22691,DOORMAT WELCOME SUNRISE,1472
22692,DOORMAT WELCOME TO OUR HOME,1473
22693,GROW A FLYTRAP OR SUNFLOWER IN TIN,1474
22694,WICKER STAR ,1475
22695,WICKER WREATH SMALL,1476
22696,WICKER WREATH LARGE,1477
22697,GREEN REGENCY TEACUP AND SAUCER,1478
22698,PINK REGENCY TEACUP AND SAUCER,1479
22699,ROSES REGENCY TEACUP AND SAUCER ,1480
22700,BLACK AND WHITE DOG BOWL,1481
22701,PINK DOG BOWL,1482
22702,BLACK AND WHITE CAT BOWL,1483
22703,PINK CAT BOWL,1484
22704,WRAP RED APPLES ,1485
22705,WRAP GREEN PEARS ,1486
22706,WRAP COWBOYS  ,1487
22707,WRAP MONSTER FUN ,1488
22708,WRAP DOLLY GIRL,1489
22709,WRAP WEDDING DAY,1490
22710,WRAP I LOVE LONDON ,1491
22711,WRAP CIRCUS PARADE,1492
22712,CARD DOLLY GIRL ,1493
22713,CARD I LOVE LONDON ,1494
22714,CARD BIRTHDAY COWBOY,1495
22715,CARD WEDDING DAY,1496
22716,CARD CIRCUS PARADE,1497
22717,CARD DOG AND BALL ,1498
22718,CARD CAT AND TREE ,1499
22719,GUMBALL MONOCHROME COAT RACK,1500
22720,SET OF 3 CAKE TINS PANTRY DESIGN ,1501
22721,SET OF 3 CAKE TINS SKETCHBOOK,1502
22722,SET OF 6 SPICE TINS PANTRY DESIGN,1503
22723,SET OF 6 HERB TINS SKETCHBOOK,1504
22725,ALARM CLOCK BAKELIKE CHOCOLATE,1505
22726,ALARM CLOCK BAKELIKE GREEN,1506
22727,ALARM CLOCK BAKELIKE RED ,1507
22728,ALARM CLOCK BAKELIKE PINK,1508
22729,ALARM CLOCK BAKELIKE ORANGE,1509
22730,ALARM CLOCK BAKELIKE IVORY,1510
22731,3D CHRISTMAS STAMPS STICKERS ,1511
22732,3D VINTAGE CHRISTMAS STICKERS ,1512
22733,3D TRADITIONAL CHRISTMAS STICKERS,1513
22734,SET OF 6 RIBBONS VINTAGE CHRISTMAS,1514
22735,RIBBON REEL SOCKS AND MITTENS,1515
22736,RIBBON REEL MAKING SNOWMEN ,1516
22737,RIBBON REEL CHRISTMAS PRESENT ,1517
22738,RIBBON REEL SNOWY VILLAGE,1518
22739,RIBBON REEL CHRISTMAS SOCK BAUBLE,1519
22740,POLKADOT PEN,1520
22741,FUNKY DIVA PEN,1521
22742,MAKE YOUR OWN PLAYTIME CARD KIT,1522
22743,MAKE YOUR OWN FLOWERPOWER CARD KIT,1523
22744,MAKE YOUR OWN MONSOON CARD KIT,1524
22745,POPPY'S PLAYHOUSE BEDROOM ,1525
22746,POPPY'S PLAYHOUSE LIVINGROOM ,1526
22747,POPPY'S PLAYHOUSE BATHROOM,1527
22748,POPPY'S PLAYHOUSE KITCHEN,1528
22749,FELTCRAFT PRINCESS CHARLOTTE DOLL,1529
22750,FELTCRAFT PRINCESS LOLA DOLL,1530
22751,FELTCRAFT PRINCESS OLIVIA DOLL,1531
22752,SET 7 BABUSHKA NESTING BOXES,1532
22753,SMALL YELLOW BABUSHKA NOTEBOOK ,1533
22754,SMALL RED BABUSHKA NOTEBOOK ,1534
22755,SMALL PURPLE BABUSHKA NOTEBOOK ,1535
22756,LARGE YELLOW BABUSHKA NOTEBOOK ,1536
22757,LARGE RED BABUSHKA NOTEBOOK ,1537
22758,LARGE PURPLE BABUSHKA NOTEBOOK  ,1538
22759,SET OF 3 NOTEBOOKS IN PARCEL,1539
22760,"TRAY, BREAKFAST IN BED",1540
22761,CHEST 7 DRAWER MA CAMPAGNE,1541
22762,CUPBOARD 3 DRAWER MA CAMPAGNE,1542
22763,KEY CABINET MA CAMPAGNE,1543
22764,"RUSTIC WOODEN CABINET, GLASS DOORS",1544
22765,NEWSPAPER STAND,1545
22766,PHOTO FRAME CORNICE,1546
22767,TRIPLE PHOTO FRAME CORNICE ,1547
22768,FAMILY PHOTO FRAME CORNICE,1548
22769,CHALKBOARD KITCHEN ORGANISER,1549
22770,MIRROR CORNICE,1550
22771,CLEAR DRAWER KNOB ACRYLIC EDWARDIAN,1551
22772,PINK DRAWER KNOB ACRYLIC EDWARDIAN,1552
22773,GREEN DRAWER KNOB ACRYLIC EDWARDIAN,1553
22774,RED DRAWER KNOB ACRYLIC EDWARDIAN,1554
22775,PURPLE DRAWERKNOB ACRYLIC EDWARDIAN,1555
22776,SWEETHEART CAKESTAND 3 TIER,1556
22777,GLASS CLOCHE LARGE,1557
22778,GLASS CLOCHE SMALL,1558
22779,WOODEN OWLS LIGHT GARLAND ,1559
22780,LIGHT GARLAND BUTTERFILES PINK,1560
22781,GUMBALL MAGAZINE RACK,1561
22782,SET 3 WICKER STORAGE BASKETS ,1562
22783,SET 3 WICKER OVAL BASKETS W LIDS,1563
22784,LANTERN CREAM GAZEBO ,1564
22785,SQUARECUSHION COVER PINK UNION JACK,1565
22786,CUSHION COVER PINK UNION JACK,1566
22788,BROCANTE COAT RACK,1567
22789,T-LIGHT HOLDER SWEETHEART HANGING,1568
22791,T-LIGHT GLASS FLUTED ANTIQUE,1569
22792,FLUTED ANTIQUE CANDLE HOLDER,1570
22794,SWEETHEART WIRE MAGAZINE RACK,1571
22795,SWEETHEART RECIPE BOOK STAND,1572
22796,PHOTO FRAME 3 CLASSIC HANGING,1573
22797,CHEST OF DRAWERS GINGHAM HEART ,1574
22798,ANTIQUE GLASS DRESSING TABLE POT,1575
22799,SWEETHEART WIRE FRUIT BOWL,1576
22800,ANTIQUE TALL SWIRLGLASS TRINKET POT,1577
22801,ANTIQUE GLASS PEDESTAL BOWL,1578
22802,FAUX FUR CHOCOLATE THROW,1579
22803,IVORY EMBROIDERED QUILT ,1580
22804,CANDLEHOLDER PINK HANGING HEART,1581
22805,BLUE DRAWER KNOB ACRYLIC EDWARDIAN,1582
22806,SET OF 6 T-LIGHTS WEDDING CAKE ,1583
22807,SET OF 6 T-LIGHTS TOADSTOOLS,1584
22808,SET OF 6 T-LIGHTS EASTER CHICKS,1585
22809,SET OF 6 T-LIGHTS SANTA,1586
22810,SET OF 6 T-LIGHTS SNOWMEN,1587
22811,SET OF 6 T-LIGHTS CACTI ,1588
22812,PACK 3 BOXES CHRISTMAS PANNETONE,1589
22813,PACK 3 BOXES BIRD PANNETONE ,1590
22814,CARD PARTY GAMES ,1591
22815,CARD PSYCHEDELIC APPLES,1592
22816,CARD MOTORBIKE SANTA,1593
22817,CARD SUKI BIRTHDAY,1594
22818,CARD CHRISTMAS VILLAGE,1595
22819,"BIRTHDAY CARD, RETRO SPOT",1596
22820,GIFT BAG BIRTHDAY,1597
22821,GIFT BAG PSYCHEDELIC APPLES,1598
22822,CREAM WALL PLANTER HEART SHAPED,1599
22823,CHEST NATURAL WOOD 20 DRAWERS,1600
22824,3 TIER SWEETHEART GARDEN SHELF,1601
22825,DECORATIVE PLANT POT WITH FRIEZE,1602
22826,LOVE SEAT ANTIQUE WHITE METAL,1603
22827,RUSTIC  SEVENTEEN DRAWER SIDEBOARD,1604
22828,REGENCY MIRROR WITH SHUTTERS,1605
22829,SWEETHEART WIRE WALL TIDY,1606
22830,UTILTY CABINET WITH HOOKS,1607
22831,WHITE BROCANTE SOAP DISH,1608
22832,BROCANTE SHELF WITH HOOKS,1609
22833,HALL CABINET WITH 3 DRAWERS,1610
22834,HAND WARMER BABUSHKA DESIGN,1611
22835,HOT WATER BOTTLE I AM SO POORLY,1612
22837,HOT WATER BOTTLE BABUSHKA ,1613
22838,3 TIER CAKE TIN RED AND CREAM,1614
22839,3 TIER CAKE TIN GREEN AND CREAM,1615
22840,ROUND CAKE TIN VINTAGE RED,1616
22841,ROUND CAKE TIN VINTAGE GREEN,1617
22842,BISCUIT TIN VINTAGE RED,1618
22843,BISCUIT TIN VINTAGE GREEN,1619
22844,VINTAGE CREAM DOG FOOD CONTAINER,1620
22845,VINTAGE CREAM CAT FOOD CONTAINER,1621
22846,BREAD BIN DINER STYLE RED ,1622
22847,BREAD BIN DINER STYLE IVORY,1623
22848,BREAD BIN DINER STYLE PINK,1624
22849,BREAD BIN DINER STYLE MINT,1625
22851,SET 20 NAPKINS FAIRY CAKES DESIGN ,1626
22852,DOG BOWL VINTAGE CREAM,1627
22853,CAT BOWL VINTAGE CREAM,1628
22854,CREAM SWEETHEART EGG HOLDER,1629
22855,FINE WICKER HEART ,1630
22856,ASSORTED EASTER DECORATIONS  BELLS,1631
22857,ASSORTED EASTER GIFT TAGS,1632
22858,EASTER TIN KEEPSAKE,1633
22859,EASTER TIN BUNNY BOUQUET,1634
22860,EASTER TIN CHICKS PINK DAISY,1635
22861,EASTER TIN CHICKS IN GARDEN,1636
22862,LOVE HEART NAPKIN BOX ,1637
22863,SOAP DISH BROCANTE,1638
22865,HAND WARMER OWL DESIGN,1639
22866,HAND WARMER SCOTTY DOG DESIGN,1640
22867,HAND WARMER BIRD DESIGN,1641
22868,NUMBER TILE COTTAGE GARDEN 0 ,1642
22869,NUMBER TILE COTTAGE GARDEN 1,1643
22870,NUMBER TILE COTTAGE GARDEN 2,1644
22871,NUMBER TILE COTTAGE GARDEN 3 ,1645
22872,NUMBER TILE COTTAGE GARDEN 4,1646
22873,NUMBER TILE COTTAGE GARDEN 5,1647
22874,NUMBER TILE COTTAGE GARDEN 6,1648
22875,NUMBER TILE COTTAGE GARDEN 7,1649
22876,NUMBER TILE COTTAGE GARDEN 8,1650
22877,NUMBER TILE COTTAGE GARDEN 9,1651
22878,NUMBER TILE COTTAGE GARDEN No,1652
22879,NUMBER TILE VINTAGE FONT 0,1653
22880,NUMBER TILE VINTAGE FONT 1,1654
22881,NUMBER TILE VINTAGE FONT 2,1655
22882,NUMBER TILE VINTAGE FONT 3,1656
22883,NUMBER TILE VINTAGE FONT 4,1657
22884,NUMBER TILE VINTAGE FONT 5,1658
22885,NUMBER TILE VINTAGE FONT 6 ,1659
22886,NUMBER TILE VINTAGE FONT 7,1660
22887,NUMBER TILE VINTAGE FONT 8,1661
22888,NUMBER TILE VINTAGE FONT 9 ,1662
22889,NUMBER TILE VINTAGE FONT No ,1663
22890,NOVELTY BISCUITS CAKE STAND 3 TIER,1664
22891,TEA FOR ONE POLKADOT,1665
22892,SET OF SALT AND PEPPER TOADSTOOLS,1666
22893,MINI CAKE STAND T-LIGHT HOLDER,1667
22894,TABLECLOTH RED APPLES DESIGN ,1668
22895,SET OF 2 TEA TOWELS APPLE AND PEARS,1669
22896,PEG BAG APPLES DESIGN,1670
22897,OVEN MITT APPLES DESIGN,1671
22898,CHILDRENS APRON APPLES DESIGN,1672
22899,CHILDREN'S APRON DOLLY GIRL ,1673
22900, SET 2 TEA TOWELS I LOVE LONDON ,1674
22902,TOTE BAG I LOVE LONDON,1675
22903,CALENDAR FAMILY FAVOURITES,1676
22904,CALENDAR PAPER CUT DESIGN,1677
22905,CALENDAR IN SEASON DESIGN,1678
22906,12 MESSAGE CARDS WITH ENVELOPES,1679
22907,PACK OF 20 NAPKINS PANTRY DESIGN,1680
22908,PACK OF 20 NAPKINS RED APPLES,1681
22909,SET OF 20 VINTAGE CHRISTMAS NAPKINS,1682
22910,PAPER CHAIN KIT VINTAGE CHRISTMAS,1683
22911,PAPER CHAIN KIT LONDON,1684
22912,YELLOW COAT RACK PARIS FASHION,1685
22913,RED COAT RACK PARIS FASHION,1686
22914,BLUE COAT RACK PARIS FASHION,1687
22915,ASSORTED BOTTLE TOP  MAGNETS ,1688
22916,HERB MARKER THYME,1689
22917,HERB MARKER ROSEMARY,1690
22918,HERB MARKER PARSLEY,1691
22919,HERB MARKER MINT,1692
22920,HERB MARKER BASIL,1693
22921,HERB MARKER CHIVES ,1694
22922,FRIDGE MAGNETS US DINER ASSORTED,1695
22923,FRIDGE MAGNETS LES ENFANTS ASSORTED,1696
22924,FRIDGE MAGNETS LA VIE EN ROSE,1697
22925,BLUE GIANT GARDEN THERMOMETER,1698
22926,IVORY GIANT GARDEN THERMOMETER,1699
22927,GREEN GIANT GARDEN THERMOMETER,1700
22928,YELLOW GIANT GARDEN THERMOMETER,1701
22929,SCHOOL DESK AND CHAIR ,1702
22930,BAKING MOULD HEART MILK CHOCOLATE,1703
22931,BAKING MOULD HEART WHITE CHOCOLATE,1704
22932,BAKING MOULD TOFFEE CUP CHOCOLATE,1705
22933,BAKING MOULD EASTER EGG MILK CHOC,1706
22934,BAKING MOULD EASTER EGG WHITE CHOC,1707
22935,BAKING MOULD ROSE MILK CHOCOLATE,1708
22936,BAKING MOULD ROSE WHITE CHOCOLATE,1709
22937,BAKING MOULD CHOCOLATE CUPCAKES,1710
22938,CUPCAKE LACE PAPER SET 6,1711
22939,APRON APPLE DELIGHT,1712
22940,FELTCRAFT CHRISTMAS FAIRY,1713
22941,CHRISTMAS LIGHTS 10 REINDEER,1714
22942,CHRISTMAS LIGHTS 10 SANTAS ,1715
22943,CHRISTMAS LIGHTS 10 VINTAGE BAUBLES,1716
22944,CHRISTMAS METAL POSTCARD WITH BELLS,1717
22945,CHRISTMAS METAL TAGS ASSORTED ,1718
22946,WOODEN ADVENT CALENDAR CREAM,1719
22947,WOODEN ADVENT CALENDAR RED,1720
22948,METAL DECORATION NAUGHTY CHILDREN ,1721
22949,36 DOILIES DOLLY GIRL,1722
22950,36 DOILIES VINTAGE CHRISTMAS,1723
22951,60 CAKE CASES DOLLY GIRL DESIGN,1724
22952,60 CAKE CASES VINTAGE CHRISTMAS,1725
22953,BIRTHDAY PARTY CORDON BARRIER TAPE,1726
22954,HEN PARTY CORDON BARRIER TAPE,1727
22955,36 FOIL STAR CAKE CASES ,1728
22956,36 FOIL HEART CAKE CASES,1729
22957,SET 3 PAPER VINTAGE CHICK PAPER EGG,1730
22959,WRAP CHRISTMAS VILLAGE,1731
22960,JAM MAKING SET WITH JARS,1732
22961,JAM MAKING SET PRINTED,1733
22962,JAM JAR WITH PINK LID,1734
22963,JAM JAR WITH GREEN LID,1735
22964,3 PIECE SPACEBOY COOKIE CUTTER SET,1736
22965,3 TRADITIONAl BISCUIT CUTTERS  SET,1737
22966,GINGERBREAD MAN COOKIE CUTTER,1738
22967,SET 3 SONG BIRD PAPER EGGS ASSORTED,1739
22968,ROSE COTTAGE KEEPSAKE BOX ,1740
22969,HOMEMADE JAM SCENTED CANDLES,1741
22970,LONDON BUS COFFEE MUG,1742
22971,QUEENS GUARD COFFEE MUG,1743
22972,CHILDREN'S SPACEBOY MUG,1744
22973,CHILDREN'S CIRCUS PARADE MUG,1745
22974,CHILDRENS DOLLY GIRL MUG,1746
22975,SPACEBOY CHILDRENS EGG CUP,1747
22976,CIRCUS PARADE CHILDRENS EGG CUP ,1748
22977,DOLLY GIRL CHILDRENS EGG CUP,1749
22978,PANTRY ROLLING PIN,1750
22979,PANTRY WASHING UP BRUSH,1751
22980,PANTRY SCRUBBING BRUSH,1752
22981,PANTRY APPLE CORER,1753
22982,PANTRY PASTRY BRUSH,1754
22983,CARD BILLBOARD FONT,1755
22984,CARD GINGHAM ROSE ,1756
22985,WRAP BILLBOARD FONTS DESIGN,1757
22986,WRAP GINGHAM ROSE ,1758
22987,WRAP SUMMER ROSE DESIGN,1759
22988,SOLDIERS EGG CUP ,1760
22989,SET 2 PANTRY DESIGN TEA TOWELS,1761
22990,COTTON APRON PANTRY DESIGN,1762
22991,GIRAFFE WOODEN RULER,1763
22992,REVOLVER WOODEN RULER ,1764
22993,SET OF 4 PANTRY JELLY MOULDS,1765
22994,TRAVEL CARD WALLET RETROSPOT,1766
22995,TRAVEL CARD WALLET SUKI,1767
22996,TRAVEL CARD WALLET VINTAGE TICKET,1768
22997,TRAVEL CARD WALLET UNION JACK,1769
22998,TRAVEL CARD WALLET KEEP CALM,1770
22999,TRAVEL CARD WALLET VINTAGE LEAF,1771
23000,TRAVEL CARD WALLET TRANSPORT,1772
23002,TRAVEL CARD WALLET SKULLS,1773
23003,TRAVEL CARD WALLET VINTAGE ROSE ,1774
23004,TRAVEL CARD WALLET PANTRY,1775
23005,TRAVEL CARD WALLET I LOVE LONDON,1776
23006,TRAVEL CARD WALLET FLOWER MEADOW,1777
23007, SPACEBOY BABY GIFT SET,1778
23008,DOLLY GIRL BABY GIFT SET,1779
23009,I LOVE LONDON BABY GIFT SET,1780
23010,CIRCUS PARADE BABY GIFT SET,1781
23012,GLASS APOTHECARY BOTTLE PERFUME,1782
23013,GLASS APOTHECARY BOTTLE TONIC,1783
23014,GLASS APOTHECARY BOTTLE ELIXIR,1784
23015,CORDIAL GLASS JUG,1785
23016,GLASS TWIST BON BON JAR,1786
23017,APOTHECARY MEASURING JAR,1787
23018,LARGE APOTHECARY MEASURING JAR ,1788
23019,SMALL APOTHECARY MEASURING JAR ,1789
23020,GLASS  SONGBIRD STORAGE JAR,1790
23021,GLASS BONNE JAM JAR,1791
23022,SMALL BONNE JAM JAR  T-LIGHT HOLDER,1792
23023,RIDGED BONNE JAM JAR T-LIGHT HOLDER,1793
23024,LARGE BONNE JAM JAR  T-LIGHT HOLDER,1794
23025,DRAWER KNOB VINTAGE GLASS BALL,1795
23026,DRAWER KNOB VINTAGE GLASS STAR,1796
23027,DRAWER KNOB VINTAGE GLASS HEXAGON,1797
23028,DRAWER KNOB CRACKLE GLAZE BLUE,1798
23029,DRAWER KNOB CRACKLE GLAZE GREEN,1799
23031,DRAWER KNOB CRACKLE GLAZE PINK,1800
23032,DRAWER KNOB CRACKLE GLAZE IVORY,1801
23033,DRAWER KNOB CERAMIC RED,1802
23034,DRAWER KNOB CERAMIC BLACK,1803
23035,DRAWER KNOB CERAMIC IVORY,1804
23036,T-LIGHT HOLDER SILVER PETIT FOUR ,1805
23037,CANDLE HOLDER SILVER MADELINE,1806
23038,T-LIGHT HOLDER SILVER SAUCER,1807
23039,T-LIGHT HOLDER SILVER HEART HANDLE,1808
23040,PAPER LANTERN 9 POINT SNOW STAR ,1809
23041,PAPER LANTERN 9 POINT SNOW STAR,1810
23042,PAPER LANTERN 7 POINT SNOW STAR,1811
23043,PAPER LANTERN 9 POINT HOLLY STAR L,1812
23044,PAPER LANTERN 9 POINT HOLLY STAR S,1813
23045,PAPER LANTERN 5 POINT STAR MOON ,1814
23046,PAPER LANTERN 9 POINT DELUXE STAR,1815
23047,PAPER LANTERN 5 POINT SEQUIN STAR,1816
23048,SET OF 10 LANTERNS FAIRY LIGHT STAR,1817
23049,RECYCLED ACAPULCO MAT RED,1818
23050,RECYCLED ACAPULCO MAT GREEN,1819
23051,RECYCLED ACAPULCO MAT BLUE,1820
23052,RECYCLED ACAPULCO MAT TURQUOISE,1821
23053,RECYCLED ACAPULCO MAT PINK,1822
23054,RECYCLED ACAPULCO MAT LAVENDER,1823
23055,IVORY CHANDELIER T-LIGHT HOLDER,1824
23056,FLOWERS CHANDELIER T-LIGHT HOLDER,1825
23057,BEADED CHANDELIER T-LIGHT HOLDER,1826
23058,CHRISTMAS HANGING SNOWFLAKE,1827
23060,HEART BEADED TRELLIS DECORATION,1828
23061,VINTAGE EMBOSSED HEART,1829
23064,CINDERELLA CHANDELIER ,1830
23065,LARGE DECO JEWELLERY STAND,1831
23066,SMALL DECO JEWELLERY STAND,1832
23067,HANGING ENGRAVED METAL HEART,1833
23068,ALUMINIUM STAMPED HEART,1834
23069,EDWARDIAN PHOTO FRAME,1835
23070,EDWARDIAN HEART PHOTO FRAME,1836
23071,MARIE ANTOINETTE TRINKET BOX GOLD,1837
23072,MARIE ANTOINETTE TRINKET BOX SILVER,1838
23073,GEORGIAN TRINKET BOX,1839
23074,EMBOSSED HEART TRINKET BOX,1840
23075,PARLOUR CERAMIC WALL HOOK,1841
23076,ICE CREAM SUNDAE LIP GLOSS,1842
23077,DOUGHNUT LIP GLOSS ,1843
23078,ICE CREAM PEN LIP GLOSS ,1844
23079,TOADSTOOL BEDSIDE LIGHT ,1845
23080,RED METAL BOX TOP SECRET,1846
23081,GREEN METAL BOX ARMY SUPPLIES,1847
23082,SET 6 PAPER TABLE LANTERN HEARTS ,1848
23083,SET 6 PAPER TABLE LANTERN STARS ,1849
23084,RABBIT NIGHT LIGHT,1850
23085,ANTIQUE SILVER BAUBLE LAMP  ,1851
23086,ZINC  STAR T-LIGHT HOLDER ,1852
23087,ZINC  HEART T-LIGHT HOLDER,1853
23088,ZINC HEART FLOWER T-LIGHT HOLDER,1854
23089,GLASS BON BON JAR,1855
23090,VINTAGE GLASS T-LIGHT HOLDER,1856
23091,ZINC HERB GARDEN CONTAINER,1857
23092,LARGE ANTIQUE WHITE PHOTO FRAME,1858
23093,SMALL PARISIENNE HEART PHOTO FRAME ,1859
23094,LE GRAND TRAY CHIC SET,1860
23096,PETIT TRAY CHIC,1861
23099,FRENCH CARRIAGE LANTERN,1862
23100,SILVER BELLS TABLE DECORATION,1863
23101,SILVER STARS TABLE DECORATION,1864
23102,SILVER HEARTS TABLE DECORATION,1865
23103,JINGLE BELL HEART DECORATION,1866
23104,IVORY CAFE HANGING LAMP ,1867
23106,ZINC HEARTS PLANT POT HOLDER,1868
23107,WHITE HEARTS WIRE PLANT POT HOLDER,1869
23108,SET OF 10 LED DOLLY LIGHTS,1870
23109,PACK OF SIX LED TEA LIGHTS,1871
23110,PARISIENNE KEY CABINET ,1872
23111,PARISIENNE SEWING BOX,1873
23112,PARISIENNE CURIO CABINET,1874
23113,PANTRY CHOPPING BOARD,1875
23114,VINTAGE LEAF CHOPPING BOARD  ,1876
23115,RED APPLES CHOPPING BOARD   ,1877
23116,VEGETABLE GARDEN CHOPPING BOARD,1878
23117,POPPY FIELDS CHOPPING BOARD,1879
23118,PARISIENNE JEWELLERY DRAWER ,1880
23119,PACK OF 6 LARGE FRUIT STRAWS ,1881
23120,PACK OF 6 SMALL FRUIT STRAWS,1882
23121,PACK OF 6 COCKTAIL PARASOL STRAWS,1883
23122,PARTY CHARMS 50 PIECES,1884
23123,COCKTAIL SWORDS 50 PIECES,1885
23124,18PC WOODEN CUTLERY SET DISPOSABLE,1886
23125,6PC WOOD PLATE SET DISPOSABLE,1887
23126,FELTCRAFT GIRL AMELIE KIT,1888
23127,FELTCRAFT GIRL NICOLE KIT,1889
23128,FELTCRAFT BOY JEAN-PAUL KIT,1890
23129,HEART SHAPED HOLLY WREATH,1891
23130,MISTLETOE HEART WREATH GREEN,1892
23131,MISTLETOE HEART WREATH CREAM,1893
23132,SMALL IVORY HEART WALL ORGANISER,1894
23133,LARGE IVORY HEART WALL ORGANISER,1895
23134,LARGE ZINC HEART WALL ORGANISER,1896
23135,SMALL ZINC HEART WALL ORGANISER,1897
23136,IVORY WIRE SWEETHEART LETTER TRAY,1898
23137,ZINC WIRE SWEETHEART LETTER TRAY,1899
23138,SINGLE WIRE HOOK IVORY HEART,1900
23139,SINGLE WIRE HOOK PINK HEART,1901
23140,TRIPLE WIRE HOOK IVORY HEART,1902
23141,TRIPLE WIRE HOOK PINK HEART,1903
23142,IVORY WIRE KITCHEN ORGANISER,1904
23143,ZINC WIRE KITCHEN ORGANISER,1905
23144,ZINC T-LIGHT HOLDER STARS SMALL,1906
23145,ZINC T-LIGHT HOLDER STAR LARGE,1907
23146,TRIPLE HOOK ANTIQUE IVORY ROSE,1908
23147,SINGLE ANTIQUE ROSE HOOK IVORY,1909
23148,MINIATURE ANTIQUE ROSE HOOK IVORY,1910
23149,ANTIQUE IVORY WIRE BOWL SMALL,1911
23150,IVORY SWEETHEART SOAP DISH,1912
23151,ZINC SWEETHEART SOAP DISH,1913
23152,IVORY SWEETHEART WIRE LETTER RACK ,1914
23153,ZINC SWEETHEART WIRE LETTER RACK,1915
23154,SET OF 4 JAM JAR MAGNETS,1916
23155,KNICKERBOCKERGLORY MAGNET ASSORTED ,1917
23156,SET OF 5 MINI GROCERY MAGNETS,1918
23157,SET OF 6 NATIVITY MAGNETS ,1919
23158,SET OF 5 LUCKY CAT MAGNETS ,1920
23159,SET OF 5 PANCAKE DAY MAGNETS,1921
23160,REGENCY TEA SPOON,1922
23161,REGENCY CAKE FORK,1923
23162,REGENCY TEA STRAINER,1924
23163,REGENCY SUGAR TONGS,1925
23164,REGENCY CAKE SLICE,1926
23165,LARGE CERAMIC TOP STORAGE JAR,1927
23166,MEDIUM CERAMIC TOP STORAGE JAR,1928
23167,SMALL CERAMIC TOP STORAGE JAR ,1929
23168,CLASSIC CAFE SUGAR DISPENSER,1930
23169,CLASSIC GLASS COOKIE JAR,1931
23170,REGENCY TEA PLATE ROSES ,1932
23171,REGENCY TEA PLATE GREEN ,1933
23172,REGENCY TEA PLATE PINK,1934
23173,REGENCY TEAPOT ROSES ,1935
23174,REGENCY SUGAR BOWL GREEN,1936
23175,REGENCY MILK JUG PINK ,1937
23176,ABC TREASURE BOOK BOX ,1938
23177,TREASURE ISLAND BOOK BOX,1939
23178,JAM CLOCK MAGNET,1940
23179,CLOCK MAGNET MUM'S KITCHEN,1941
23180,MUM'S KITCHEN CLOCK,1942
23181,BULL DOG BOTTLE TOP WALL CLOCK,1943
23182,TOILET SIGN OCCUPIED OR VACANT,1944
23183,MOTHER'S KITCHEN SPOON REST ,1945
23184,BULL DOG BOTTLE OPENER,1946
23185,FRENCH STYLE STORAGE JAR JAM,1947
23186,FRENCH STYLE STORAGE JAR CAFE ,1948
23187,FRENCH STYLE STORAGE JAR BONBONS,1949
23188,VINTAGE  2 METER FOLDING RULER,1950
23189,SET OF 12 FORK CANDLES,1951
23190,BUNDLE OF 3 SCHOOL EXERCISE BOOKS  ,1952
23191,BUNDLE OF 3 RETRO NOTE BOOKS,1953
23192,BUNDLE OF 3 ALPHABET EXERCISE BOOKS,1954
23193,BUFFALO BILL TREASURE BOOK BOX,1955
23194,GYMKHANA TREASURE BOOK BOX,1956
23196,VINTAGE LEAF MAGNETIC NOTEPAD,1957
23197,SKETCHBOOK MAGNETIC SHOPPING LIST,1958
23198,PANTRY MAGNETIC  SHOPPING LIST,1959
23199,JUMBO BAG APPLES,1960
23200,JUMBO BAG PEARS,1961
23201,JUMBO BAG ALPHABET,1962
23202,JUMBO BAG VINTAGE LEAF,1963
23203,JUMBO BAG VINTAGE DOILY ,1964
23204,CHARLOTTE BAG APPLES DESIGN,1965
23205,CHARLOTTE BAG VINTAGE ALPHABET ,1966
23206,LUNCH BAG APPLE DESIGN,1967
23207,LUNCH BAG ALPHABET DESIGN,1968
23208,LUNCH BAG VINTAGE LEAF DESIGN,1969
23209,LUNCH BAG VINTAGE DOILY ,1970
23210,WHITE ROCKING HORSE HAND PAINTED,1971
23211,RED ROCKING HORSE HAND PAINTED,1972
23212,HEART WREATH DECORATION WITH BELL,1973
23213,STAR WREATH DECORATION WITH BELL,1974
23214,JINGLE BELL HEART ANTIQUE GOLD,1975
23215,JINGLE BELL HEART ANTIQUE SILVER,1976
23216,LAUREL HEART ANTIQUE GOLD,1977
23217,LAUREL HEART ANTIQUE SILVER,1978
23218,LAUREL STAR ANTIQUE GOLD,1979
23219,LAUREL STAR ANTIQUE SILVER ,1980
23220,REINDEER HEART DECORATION GOLD,1981
23221,REINDEER HEART DECORATION SILVER,1982
23222,CHRISTMAS TREE HANGING GOLD,1983
23223,CHRISTMAS TREE HANGING SILVER ,1984
23224,CHERUB HEART DECORATION GOLD,1985
23225,CHERUB HEART DECORATION SILVER ,1986
23226,FILIGREE HEART DAISY WHITE,1987
23227,FILIGREE HEART BUTTERFLY WHITE ,1988
23228,FILIGREE HEART BIRD WHITE ,1989
23229,VINTAGE DONKEY TAIL GAME ,1990
23230,WRAP ALPHABET DESIGN,1991
23231,WRAP DOILEY DESIGN,1992
23232,WRAP VINTAGE LEAF DESIGN,1993
23233,WRAP POPPIES  DESIGN,1994
23234,BISCUIT TIN VINTAGE CHRISTMAS,1995
23235,STORAGE TIN VINTAGE LEAF,1996
23236,STORAGE TIN VINTAGE DOILY ,1997
23237,SET OF 4 KNICK KNACK TINS LEAF,1998
23238,SET OF 4 KNICK KNACK TINS LONDON ,1999
23239,SET OF 4 KNICK KNACK TINS POPPIES,2000
23240,SET OF 4 KNICK KNACK TINS DOILY ,2001
23241,TREASURE TIN GYMKHANA DESIGN,2002
23242,TREASURE TIN BUFFALO BILL ,2003
23243,SET OF TEA COFFEE SUGAR TINS PANTRY,2004
23244,ROUND STORAGE TIN VINTAGE LEAF,2005
23245,SET OF 3 REGENCY CAKE TINS,2006
23247,BISCUIT TIN 50'S CHRISTMAS,2007
23249,VINTAGE RED ENAMEL TRIM PLATE,2008
23250,VINTAGE RED TRIM ENAMEL BOWL ,2009
23251,VINTAGE RED ENAMEL TRIM MUG ,2010
23252,VINTAGE RED ENAMEL TRIM JUG ,2011
23253,16 PIECE CUTLERY SET PANTRY DESIGN,2012
23254,CHILDRENS CUTLERY DOLLY GIRL ,2013
23255,CHILDRENS CUTLERY CIRCUS PARADE,2014
23256,CHILDRENS CUTLERY SPACEBOY ,2015
23263,SET OF 3 WOODEN HEART DECORATIONS,2016
23264,SET OF 3 WOODEN SLEIGH DECORATIONS,2017
23265,SET OF 3 WOODEN TREE DECORATIONS,2018
23266,SET OF 3 WOODEN STOCKING DECORATION,2019
23267,SET OF 4 SANTA PLACE SETTINGS,2020
23268,SET OF 2 CERAMIC CHRISTMAS REINDEER,2021
23269,SET OF 2 CERAMIC CHRISTMAS TREES,2022
23270,SET OF 2 CERAMIC PAINTED HEARTS ,2023
23271,CHRISTMAS TABLE SILVER CANDLE SPIKE,2024
23272,TREE T-LIGHT HOLDER WILLIE WINKIE,2025
23273,HEART T-LIGHT HOLDER WILLIE WINKIE,2026
23274,STAR T-LIGHT HOLDER WILLIE WINKIE,2027
23275,SET OF 3 HANGING OWLS OLLIE BEAK,2028
23280,FOLDING BUTTERFLY MIRROR HOT PINK ,2029
23281,FOLDING BUTTERFLY MIRROR RED  ,2030
23282,FOLDING BUTTERFLY MIRROR IVORY ,2031
23283,DOORMAT VINTAGE LEAF,2032
23284,DOORMAT KEEP CALM AND COME IN,2033
23285,PINK VINTAGE SPOT BEAKER,2034
23286,BLUE VINTAGE SPOT BEAKER,2035
23287,RED VINTAGE SPOT BEAKER,2036
23288,GREEN VINTAGE SPOT BEAKER,2037
23289,DOLLY GIRL CHILDRENS BOWL,2038
23290,SPACEBOY CHILDRENS BOWL,2039
23291,DOLLY GIRL CHILDRENS CUP,2040
23292,SPACEBOY CHILDRENS CUP,2041
23293,SET OF 12 FAIRY CAKE BAKING CASES,2042
23294,SET OF 6 SNACK LOAF BAKING CASES,2043
23295,SET OF 12 MINI LOAF BAKING CASES,2044
23296,SET OF 6 TEA TIME BAKING CASES,2045
23297,SET 40 HEART SHAPE PETIT FOUR CASES,2046
23298,SPOTTY BUNTING,2047
23299,FOOD COVER WITH BEADS SET 2 ,2048
23300,GARDENERS KNEELING PAD CUP OF TEA ,2049
23301,GARDENERS KNEELING PAD KEEP CALM ,2050
23302,KNEELING MAT HOUSEWORK  DESIGN,2051
23303,SET 4 PICNIC CUTLERY FONDANT,2052
23304,SET 4 PICNIC CUTLERY CHERRY ,2053
23305,SET 4 PICNIC CUTLERY BLUEBERRY,2054
23306,SET OF 36 DOILIES PANTRY DESIGN,2055
23307,SET OF 60 PANTRY DESIGN CAKE CASES ,2056
23308,SET OF 60 VINTAGE LEAF CAKE CASES ,2057
23309,SET OF 60 I LOVE LONDON CAKE CASES ,2058
23310,BUBBLEGUM RING ASSORTED,2059
23311,VINTAGE CHRISTMAS STOCKING ,2060
23312,VINTAGE CHRISTMAS GIFT SACK,2061
23313,VINTAGE CHRISTMAS BUNTING,2062
23314,VINTAGE CHRISTMAS TABLECLOTH,2063
23315,IVORY REFECTORY CLOCK,2064
23316,RED REFECTORY CLOCK ,2065
23317,BLUE REFECTORY CLOCK ,2066
23318,BOX OF 6 MINI VINTAGE CRACKERS,2067
23319,BOX OF 6 MINI 50'S CRACKERS,2068
23320,GIANT 50'S CHRISTMAS CRACKER,2069
23321,SMALL WHITE HEART OF WICKER,2070
23322,LARGE WHITE HEART OF WICKER,2071
23323,WHITE WICKER STAR ,2072
23324,RUSTIC STRAWBERRY JAM POT LARGE ,2073
23325,RUSTIC STRAWBERRY JAM POT SMALL,2074
23326,HANGING MINI COLOURED BOTTLES,2075
23327,HANGING CLEAR MINI BOTTLE,2076
23328,SET 6 SCHOOL MILK BOTTLES IN CRATE,2077
23329,DECORATIVE WICKER HEART LARGE,2078
23330,DECORATIVE WICKER HEART MEDIUM,2079
23331,DECORATIVE WICKER HEART SMALL,2080
23332,IVORY WICKER HEART LARGE,2081
23333,IVORY WICKER HEART MEDIUM,2082
23334,IVORY WICKER HEART SMALL,2083
23335,EGG FRYING PAN IVORY ,2084
23336,EGG FRYING PAN PINK ,2085
23337,EGG FRYING PAN MINT ,2086
23338,EGG FRYING PAN RED ,2087
23339,EGG FRYING PAN BLUE ,2088
23340,VINTAGE CHRISTMAS CAKE FRILL,2089
23341,PINK DINER WALL CLOCK,2090
23342,MINT DINER WALL CLOCK,2091
23343,JUMBO BAG VINTAGE CHRISTMAS ,2092
23344,JUMBO BAG 50'S CHRISTMAS ,2093
23345, DOLLY GIRL BEAKER,2094
23346,SPACEBOY BEAKER,2095
23347,I LOVE LONDON BEAKER,2096
23348,CHILDRENS TOY COOKING UTENSIL SET,2097
23349,ROLL WRAP VINTAGE CHRISTMAS,2098
23350,ROLL WRAP VINTAGE SPOT ,2099
23351,ROLL WRAP 50'S CHRISTMAS,2100
23352,ROLL WRAP 50'S RED CHRISTMAS ,2101
23353,6 GIFT TAGS VINTAGE CHRISTMAS ,2102
23354,6 GIFT TAGS 50'S CHRISTMAS ,2103
23355,HOT WATER BOTTLE KEEP CALM,2104
23356,LOVE HOT WATER BOTTLE,2105
23357,HOT WATER BOTTLE SEX BOMB,2106
23358,HOT STUFF HOT WATER BOTTLE,2107
23359,SET OF 12 T-LIGHTS VINTAGE DOILY,2108
23360,SET 8 CANDLES VINTAGE DOILY,2109
23365,SET 12 COLOUR PENCILS LOVE LONDON,2110
23366,SET 12 COLOURING PENCILS DOILY,2111
23367,SET 12 COLOUR PENCILS SPACEBOY ,2112
23368,SET 12 COLOUR PENCILS DOLLY GIRL ,2113
23369,SET 36 COLOUR PENCILS LOVE LONDON,2114
23370,SET 36 COLOURING PENCILS DOILY,2115
23371,SET 36 COLOUR PENCILS SPACEBOY ,2116
23372,SET 36 COLOUR PENCILS DOLLY GIRL,2117
23373,VINTAGE CHRISTMAS PAPER GIFT BAG,2118
23374,RED SPOT PAPER GIFT BAG,2119
23375,50'S CHRISTMAS PAPER GIFT BAG,2120
23376,PACK OF 12 VINTAGE CHRISTMAS TISSUE,2121
23377,PACK OF 12 DOLLY GIRL TISSUES,2122
23378,PACK OF 12 50'S CHRISTMAS TISSUES,2123
23379,PACK OF 12 RED APPLE TISSUES,2124
23380,PACK OF 12 VINTAGE DOILY TISSUES,2125
23381,PACK OF 12 VINTAGE LEAF TISSUES ,2126
23382,BOX OF 6 CHRISTMAS CAKE DECORATIONS,2127
23388,WOODLAND MINI BACKPACK,2128
23389,SPACEBOY MINI BACKPACK,2129
23390,DOLLY GIRL MINI BACKPACK,2130
23391, I LOVE LONDON MINI BACKPACK,2131
23392,SPACEBOY ROCKET LOLLY MAKERS,2132
23393,HOME SWEET HOME CUSHION COVER ,2133
23394,POSTE FRANCE CUSHION COVER,2134
23395,BELLE JARDINIERE CUSHION COVER,2135
23396,LE JARDIN BOTANIQUE CUSHION COVER,2136
23397,FOOT STOOL HOME SWEET HOME ,2137
23398,HANGING HEART BONHEUR,2138
23399,HOME SWEET HOME HANGING HEART,2139
23400,SHELF WITH 4 HOOKS HOME SWEET HOME,2140
23401,RUSTIC MIRROR WITH LACE HEART,2141
23402,HOME SWEET HOME 3 PEG HANGER ,2142
23403,LETTER HOLDER HOME SWEET HOME,2143
23404,HOME SWEET HOME BLACKBOARD,2144
23405,HOME SWEET HOME 2 DRAWER CABINET,2145
23406,HOME SWEET HOME KEY HOLDER,2146
23407,SET OF 2 TRAYS HOME SWEET HOME,2147
23408,PHOTO FRAME LINEN AND LACE SMALL,2148
23409,PHOTO FRAME LINEN AND LACE LARGE,2149
23410,CURIO CABINET LINEN AND LACE ,2150
23411, TRELLIS COAT RACK,2151
23412,HEART MIRROR ANTIQUE WHITE,2152
23413,VINTAGE COFFEE GRINDER BOX,2153
23414,ZINC BOX SIGN HOME,2154
23415,HOME SWEET HOME HOOK,2155
23416,CHAMBRE HOOK,2156
23417,BATHROOM HOOK,2157
23418,LAVENDER TOILETTE BOTTLE,2158
23419,HOME SWEET HOME BOTTLE ,2159
23420,PANTRY HOOK TEA STRAINER ,2160
23421,PANTRY HOOK SPATULA,2161
23422,PANTRY HOOK BALLOON WHISK ,2162
23423,PANTRY 3 HOOK ROLLING PIN HANGER,2163
23424,GINGHAM RECIPE BOOK BOX,2164
23425,STORAGE TIN HOME SWEET HOME,2165
23426,METAL SIGN DROP YOUR PANTS,2166
23427,STOOL HOME SWEET HOME ,2167
23428,IVORY RETRO KITCHEN WALL CLOCK,2168
23429,RED RETRO KITCHEN WALL CLOCK,2169
23430,BLUE RETRO KITCHEN WALL CLOCK,2170
23431,NATURAL HANGING QUILTED HEARTS ,2171
23432,PRETTY HANGING QUILTED HEARTS,2172
23433,HANGING QUILTED PATCHWORK APPLES,2173
23434,3 RAFFIA RIBBONS 50'S CHRISTMAS ,2174
23435,3 RAFFIA RIBBONS VINTAGE CHRISTMAS,2175
23436,VINTAGE CHRISTMAS GIFT BAG LARGE ,2176
23437, 50'S CHRISTMAS GIFT BAG LARGE,2177
23438, RED SPOT GIFT BAG LARGE,2178
23439,HAND WARMER RED LOVE HEART,2179
23440,PAINT YOUR OWN EGGS IN CRATE,2180
23441,HAND PAINTED HANGING EASTER EGG,2181
23442,12 HANGING EGGS HAND PAINTED,2182
23444,Next Day Carriage,2183
23445,ICE CREAM BUBBLES,2184
23446,BLUE BUNNY EASTER EGG BASKET,2185
23447,PINK BUNNY EASTER EGG BASKET,2186
23448,CREAM BUNNY EASTER EGG BASKET,2187
23449,SET OF 6 EASTER RAINBOW CHICKS,2188
23451,SQUARE MINI PORTRAIT FRAME,2189
23452,HEART MINI PORTRAIT FRAME,2190
23453,OVAL  MINI PORTRAIT FRAME,2191
23454,THREE MINI HANGING FRAMES,2192
23455,SMALL PARLOUR PICTURE FRAME,2193
23456,MEDIUM PARLOUR PICTURE FRAME ,2194
23457,LARGE PARLOUR PICTURE FRAME,2195
23458,DOLLY CABINET 3 DRAWERS ,2196
23459,DOLLY CABINET 2 DRAWERS ,2197
23460,SWEETHEART WALL TIDY ,2198
23461,SWEETHEART BIRD HOUSE,2199
23462,ROCOCO WALL MIRROR WHITE,2200
23463,VINTAGE ZINC WATERING CAN,2201
23464,VINTAGE ZINC WATERING CAN SMALL,2202
23465,TUSCAN VILLA BIRD FEEDER,2203
23466,TUSCAN VILLA DOVECOTE BIRD FEEDER,2204
23467,VINTAGE ZINC PLANTER  ,2205
23468,TUSCAN VILLA BIRD TABLE ,2206
23469,CARD HOLDER LOVE BIRD SMALL,2207
23470,CARD HOLDER LOVE BIRD LARGE ,2208
23471,SIX DRAWER OFFICE TIDY,2209
23472, NINE DRAWER OFFICE TIDY,2210
23473,WOODLAND SMALL RED FELT HEART,2211
23474,WOODLAND SMALL BLUE FELT HEART,2212
23475,WOODLAND SMALL PINK FELT HEART,2213
23476,WOODLAND LARGE RED FELT HEART,2214
23477,WOODLAND LARGE BLUE FELT HEART,2215
23478,WOODLAND LARGE PINK FELT HEART,2216
23479,WIRE EGG BASKET ,2217
23480,MINI LIGHTS WOODLAND MUSHROOMS,2218
23481,PEARLISED IVORY HEART SMALL ,2219
23482,PEARLISED IVORY HEART LARGE ,2220
23483,HANGING  BUTTERFLY T-LIGHT HOLDER,2221
23484,HEART TRELLIS TRIPLE T-LIGHT HOLDER,2222
23485,BOTANICAL GARDENS WALL CLOCK ,2223
23486,ANTIQUE HEART SHELF UNIT,2224
23487,SWEET HEART CAKE CARRIER,2225
23489,VINTAGE BELLS GARLAND,2226
23490,T-LIGHT HOLDER HANGING LOVE BIRD,2227
23491,VINTAGE JINGLE BELLS HEART,2228
23492,VINTAGE JINGLE BELLS WREATH,2229
23493,VINTAGE DOILY TRAVEL SEWING KIT,2230
23494,VINTAGE DOILY DELUXE SEWING KIT ,2231
23495,SET OF 3 PANTRY WOODEN SPOONS,2232
23496,PANTRY KITCHEN THERMOMETER ,2233
23497,CLASSIC CHROME BICYCLE BELL ,2234
23498,CLASSIC BICYCLE CLIPS ,2235
23499,SET 12 VINTAGE DOILY CHALK ,2236
23500,KEY RING BASEBALL BOOT ASSORTED ,2237
23501,KEY RING BASEBALL BOOT UNION JACK,2238
23502,PLAYING CARDS VINTAGE DOILY ,2239
23503,PLAYING CARDS KEEP CALM & CARRY ON,2240
23504,PLAYING CARDS JUBILEE UNION JACK,2241
23505,PLAYING CARDS I LOVE LONDON ,2242
23506,MINI PLAYING CARDS SPACEBOY ,2243
23507,MINI PLAYING CARDS BUFFALO BILL ,2244
23508,MINI PLAYING CARDS DOLLY GIRL ,2245
23509,MINI PLAYING CARDS FUN FAIR ,2246
23510,MINI PLAYING CARDS GYMKHANA,2247
23511,EMBROIDERED RIBBON REEL EMILY ,2248
23512,EMBROIDERED RIBBON REEL ROSIE,2249
23513,EMBROIDERED RIBBON REEL SUSIE ,2250
23514,EMBROIDERED RIBBON REEL SALLY ,2251
23515,EMBROIDERED RIBBON REEL DAISY ,2252
23516,EMBROIDERED RIBBON REEL SOPHIE  ,2253
23517,EMBROIDERED RIBBON REEL REBECCA ,2254
23518,EMBROIDERED RIBBON REEL RACHEL ,2255
23519,EMBROIDERED RIBBON REEL CLAIRE,2256
23520,EMBROIDERED RIBBON REEL RUBY ,2257
23521,WALL ART CAT AND BIRD ,2258
23522,WALL ART DOG AND BALL ,2259
23523,WALL ART TREASURE AHOY ,2260
23524,WALL ART HORSE & PONY ,2261
23525,WALL ART BUFFALO BILL ,2262
23526,WALL ART DOG LICENCE ,2263
23527,WALL ART ANIMALS AND NATURE ,2264
23528,WALL ART SPACEBOY,2265
23529,WALL ART DOLLY GIRL ,2266
23530,WALL ART ONLY ONE PERSON ,2267
23531,WALL ART BIG LOVE ,2268
23532,WALL ART WORK REST AND PLAY  ,2269
23533,WALL ART GARDEN HAVEN ,2270
23534,WALL ART STOP FOR TEA ,2271
23535,WALL ART BICYCLE SAFETY,2272
23536,WALL ART VILLAGE SHOW ,2273
23537,WALL ART I LOVE LONDON ,2274
23538,WALL ART VINTAGE HEART,2275
23539,WALL ART LOVES' SECRET ,2276
23540,WALL ART THE MAGIC FOREST ,2277
23541,WALL ART CLASSIC PUDDINGS ,2278
23542,WALL ART 70'S ALPHABET ,2279
23543,WALL ART KEEP CALM ,2280
23544,WALL ART MID CENTURY MODERN ,2281
23545,WRAP RED VINTAGE DOILY,2282
23546,WRAP PAISLEY PARK ,2283
23547,WRAP FLOWER SHOP  ,2284
23548,WRAP MAGIC FOREST ,2285
23549,WRAP BIRD GARDEN ,2286
23550,WRAP ALPHABET POSTER  ,2287
23551,PACK OF 12 PAISLEY PARK TISSUES ,2288
23552,BICYCLE PUNCTURE REPAIR KIT ,2289
23553,LANDMARK FRAME CAMDEN TOWN ,2290
23554,LANDMARK FRAME OXFORD STREET,2291
23555,LANDMARK FRAME NOTTING HILL ,2292
23556,LANDMARK FRAME COVENT GARDEN ,2293
23557,LANDMARK FRAME BAKER STREET ,2294
23558,LANDMARK FRAME LONDON BRIDGE ,2295
23559,WOODLAND BUNNIES LOLLY MAKERS,2296
23560,SET OF 6 RIBBONS COUNTRY STYLE,2297
23561,SET OF 6 RIBBONS PARTY,2298
23562,SET OF 6 RIBBONS PERFECTLY PRETTY  ,2299
23564,EGG CUP MILKMAID INGRID,2300
23565,EGG CUP MILKMAID HELGA ,2301
23566,EGG CUP MILKMAID HEIDI,2302
23567,EGG CUP HENRIETTA HEN PINK,2303
23568,EGG CUP HENRIETTA HEN CREAM ,2304
23569,TRADTIONAL ALPHABET STAMP SET,2305
23570,TRADITIONAL PICK UP STICKS GAME ,2306
23571,TRADITIONAL NAUGHTS & CROSSES,2307
23574,PACKING CHARGE,2308
23575,SNACK TRAY PAISLEY PARK,2309
23576,SNACK TRAY RED VINTAGE DOILY,2310
23578,SNACK TRAY RED GINGHAM,2311
23579,SNACK TRAY I LOVE LONDON,2312
23580,SNACK TRAY HAPPY FOREST  ,2313
23581,JUMBO BAG PAISLEY PARK,2314
23582,VINTAGE DOILY JUMBO BAG RED ,2315
23583,LUNCH BAG PAISLEY PARK  ,2316
23597,PAPER BUNTING PAISLEY PARK,2317
23598,PAPER BUNTING VINTAGE PARTY,2318
23630,SET 10 CARDS HANGING BAUBLES 17080,2319
23660,HENRIETTA HEN MUG ,2320
23661,MILK MAIDS MUG ,2321
23664,FLOWER SHOP DESIGN MUG,2322
23681,LUNCH BAG RED VINTAGE DOILY,2323
23691,WRAP KEEP CALM BIRTHDAY,2324
23692,WRAP A PRETTY THANK YOU,2325
23694,PAISLEY PARK CARD,2326
23695,DOILY THANK YOU CARD,2327
23697,A PRETTY THANK YOU CARD,2328
23702,High Resolution Image,2329
23843,"PAPER CRAFT , LITTLE BIRDIE",2330
35241,ENAMEL BLUE RIM BISCUIT BIN,2331
35265,COLOURFUL FLOWER FRUIT BOWL,2332
35400,WOODEN BOX ADVENT CALENDAR ,2333
35443,RASTA IN BATH W SPLIFF ASHTRAY,2334
35645,VINTAGE BEAD PINK JEWEL BOX,2335
35646,VINTAGE BEAD PINK EVENING BAG,2336
35647,VINTAGE BEAD PINK SHADE ,2337
35648,VINTAGE BEAD PINK PURSE ,2338
35649,VINTAGE BEAD COSMETIC BAG ,2339
35650,VINTAGE BEAD PINK JEWEL STAND,2340
35651,VINTAGE BEAD PINK SCARF ,2341
35653,VINTAGE BEAD NOTEBOOK,2342
35914,PINK CHICK EGG WARMER + EGG CUP,2343
35920,FOUR RABBIT EASTER DECORATIONS,2344
35921,EASTER BUNNY HANGING GARLAND,2345
35922,EASTER BUNNY WREATH,2346
35923,CANDY HEART HANGING DECORATION,2347
35924,HANGING FAIRY CAKE DECORATION,2348
35933,PINK STOCKING CHRISTMAS DECORATION,2349
35953,FOLKART STAR CHRISTMAS DECORATIONS,2350
35954,SMALL FOLKART STAR CHRISTMAS DEC,2351
35957,SMALLFOLKART BAUBLE CHRISTMAS DEC,2352
35958,FOLKART ZINC STAR CHRISTMAS DEC,2353
35961,FOLKART ZINC HEART CHRISTMAS DEC,2354
35964,FOLKART CLIP ON STARS,2355
35965,FOLKART HEART NAPKIN RINGS,2356
35966,FOLKART CHRISTMAS TREE T-LIGHT HOLD,2357
35967,FOLK ART METAL STAR T-LIGHT HOLDER,2358
35968,FOLK ART METAL HEART T-LIGHT HOLDER,2359
35970,ZINC FOLKART SLEIGH BELLS,2360
35971,ROSE FOLKART HEART DECORATIONS,2361
35972,DAISY FOLKART HEART DECORATION,2362
37327,ASSTD MULTICOLOUR CIRCLES MUG,2363
37330,BIG POLKADOT MUG,2364
37333,"RETRO ""TEA FOR ONE"" ",2365
37340,MULTICOLOUR SPRING FLOWER MUG,2366
37342,POLKADOT COFFEE CUP & SAUCER PINK,2367
37343,POLKADOT MUG PINK ,2368
37351,ORANGE FLOWER MUG ,2369
37370,RETRO COFFEE MUGS ASSORTED,2370
37413,ICON MUG REVOLUTIONARY,2371
37423,WHITE WITH BLACK CATS PLATE,2372
37446,MINI CAKE STAND WITH HANGING CAKES,2373
37447,CERAMIC CAKE DESIGN SPOTTED PLATE,2374
37448,CERAMIC CAKE DESIGN SPOTTED MUG,2375
37449,CERAMIC CAKE STAND + HANGING CAKES,2376
37450,CERAMIC CAKE BOWL + HANGING CAKES,2377
37461,FUNKY MONKEY MUG,2378
37464,ROBOT MUG IN DISPLAY BOX,2379
37467,PIG MUG IN TWO COLOUR DESIGNS,2380
37468,HARDMAN MUG 3 ASSORTED,2381
37471,MULTICOLOUR POLKADOT PLATE,2382
37475,SET/4 COLOURFUL MIXING BOWLS,2383
37476,CONDIMENT TRAY 4 BOWLS AND 4 SPOONS,2384
37495,FAIRY CAKE BIRTHDAY CANDLE SET,2385
37500,TEA TIME TEAPOT IN GIFT BOX,2386
37501,TEA TIME TEA SET IN GIFT BOX,2387
37509,NEW ENGLAND MUG W GIFT BOX,2388
40001,WHITE BAMBOO RIBS LAMPSHADE,2389
40003,WHITE BAMBOO RIBS LAMPSHADE,2390
40016,CHINESE DRAGON PAPER LANTERNS,2391
44228,CANNABIS LEAF BEAD CURTAIN,2392
44234,ASSORTED CIRCULAR MOBILE,2393
44235,ASSORTED COLOURED CIRCLE MOBILE ,2394
44236,PINK/PURPLE CIRCLE CURTAIN,2395
44265,M/COLOUR POM-POM CURTAIN,2396
45013,FOLDING SHOE TIDY,2397
46118,FUNKY MONKEY CUSHION COVER,2398
47016,LIGHT DECORATION BATTERY OPERATED,2399
47420,ASSORTED COLOUR SUCTION CUP HOOK,2400
47421,ASSORTED COLOUR LIZARD SUCTION HOOK,2401
47422,ASSORTED MONKEY SUCTION CUP HOOK,2402
47469,ASSORTED SHAPES PHOTO CLIP SILVER ,2403
47471,RAINBOW PEGS PHOTO CLIP STRING,2404
47480,HANGING PHOTO CLIP ROPE LADDER,2405
47481,50CM METAL STRING WITH  7 CLIPS,2406
47566,PARTY BUNTING,2407
47579,TEA TIME BREAKFAST BASKET,2408
47580,TEA TIME DES TEA COSY,2409
47589,CONGRATULATIONS BUNTING,2410
48111,DOORMAT 3 SMILEY CATS,2411
48116,DOORMAT MULTICOLOUR STRIPE,2412
48129,DOORMAT TOPIARY,2413
48138,DOORMAT UNION FLAG,2414
48184,DOORMAT ENGLISH ROSE ,2415
48185,DOORMAT FAIRY CAKE,2416
48187,DOORMAT NEW ENGLAND,2417
48188,DOORMAT WELCOME PUPPIES,2418
48194,DOORMAT HEARTS,2419
51008,AFGHAN SLIPPER SOCK PAIR,2420
62018,SOMBRERO ,2421
70006,LOVE HEART POCKET WARMER,2422
70007,HI TEC ALPINE HAND WARMER,2423
71038,WHITE HANGING BEADS CANDLE HOLDER,2424
71050,SMALL SINGLE FLAME CANDLE HOLDER,2425
71053,WHITE METAL LANTERN,2426
71143,SILVER BOOK MARK WITH BEADS,2427
71215,METAL BASE FOR CANDLES,2428
71270,PHOTO CLIP LINE,2429
71279,PINK GLASS CANDLEHOLDER,2430
71403,"PINK/WHITE ""KEEP CLEAN"" BULLET BIN",2431
71459,HANGING JAM JAR T-LIGHT HOLDER,2432
71477,COLOUR GLASS. STAR T-LIGHT HOLDER,2433
71510,SQUARE METAL CANDLEHOLDER BASE,2434
72122,COFFEE SCENT PILLAR CANDLE,2435
72127,COLUMBIAN CANDLE ROUND ,2436
72128,COLUMBIAN CANDLE ROUND,2437
72130,COLUMBIAN CANDLE ROUND,2438
72131,COLUMBIAN CANDLE RECTANGLE,2439
72132,COLUMBIAN CUBE CANDLE,2440
72133,COLUMBIAN CANDLE RECTANGLE,2441
72134,COLUMBIAN  CUBE CANDLE ,2442
72232,FENG SHUI PILLAR CANDLE,2443
72586,SET OF 6 HALLOWEEN GHOST T-LIGHTS,2444
72598,SET/12 TAPER CANDLES,2445
72709,IVORY SCULPTED RND CANDLE ,2446
72741,GRAND CHOCOLATECANDLE,2447
72780,BLACK SILOUETTE CANDLE PLATE,2448
72783,BLACK SIL'T SQU CANDLE PLATE ,2449
72811,SMALL ZINC/GLASS CANDLEHOLDER,2450
72812,LARGE ZINC GLASS CANDLEHOLDER,2451
72815,3 WICK CHRISTMAS BRIAR CANDLE ,2452
72816,SET/3 CHRISTMAS DECOUPAGE CANDLES,2453
72817,SET OF 2 CHRISTMAS DECOUPAGE CANDLE,2454
72818,CHRISTMAS DECOUPAGE CANDLE,2455
72819,CUPID DESIGN SCENTED CANDLES,2456
72821,CUPID SCENTED CANDLE IN GLASS,2457
75011,BLUE DAISY MOBILE,2458
75131,METAL TUBE CHIME ON BAMBOO,2459
75172,PAINTED SEA SHELL METAL WINDCHIME,2460
75178,ASSTD COL BUTTERFLY/CRYSTAL W/CHIME,2461
77079,DOLPHIN WINDMILL,2462
78033,FLAG OF ST GEORGE CHAIR,2463
78124,MAGAZINE RACK GEBRA ASSORTED ,2464
79000,MOROCCAN TEA GLASS,2465
79067,CORONA MEXICAN TRAY,2466
79160,HEART SHAPE WIRELESS DOORBELL,2467
79163,BLACK CHAMPAGNE GLASS,2468
79164,BLACK WINE GLASS,2469
79321,CHILLI LIGHTS,2470
79329,PINK FLOCK GLASS CANDLEHOLDER,2471
79331,PINK FLOCK GLASS CANDLEHOLDER,2472
79336,LIGHT PINK FLOCK GLASS CANDLEHOLDER,2473
79337,BLUE FLOCK GLASS CANDLEHOLDER,2474
79403,FROSTED WHITE BASE ,2475
79406,FROSTED WHITE BASE ,2476
82095,HEART BUTTONS JEWELLERY BOX,2477
82482,WOODEN PICTURE FRAME WHITE FINISH,2478
82483,WOOD 2 DRAWER CABINET WHITE FINISH,2479
82484,WOOD BLACK BOARD ANT WHITE FINISH,2480
82486,WOOD S/3 CABINET ANT WHITE FINISH,2481
82551,LAUNDRY 15C METAL SIGN,2482
82552,WASHROOM METAL SIGN,2483
82567,"AIRLINE LOUNGE,METAL SIGN",2484
82578,KITCHEN METAL SIGN,2485
82580,BATHROOM METAL SIGN,2486
82581,TOILET METAL SIGN,2487
82582,AREA PATROLLED METAL SIGN,2488
82583,HOT BATHS METAL SIGN,2489
82599,FANNY'S REST STOPMETAL SIGN,2490
82600,NO SINGING METAL SIGN,2491
82605,OLD DOC RUSSEL METAL SIGN,2492
82615,PINK MARSHMALLOW SCARF KNITTING KIT,2493
84006,MAGIC TREE -PAPER FLOWERS,2494
84012,MAGIC SHEEP WOOL GROWING FROM PAPER,2495
84016,FLAG OF ST GEORGE CAR FLAG,2496
84033,FLAG OF ST GEORGE ,2497
84050,PINK HEART SHAPE EGG FRYING PAN,2498
84051,ASS COLOUR GLOWING TIARAS,2499
84077,WORLD WAR 2 GLIDERS ASSTD DESIGNS,2500
84192,ASSORTED COLOUR METAL CAT ,2501
84199,GLOW IN DARK DOLPHINS,2502
84212,"ASSORTED FLOWER COLOUR ""LEIS""",2503
84218,BOX/12 CHICK & EGG IN BASKET,2504
84226,HEN HOUSE W FAMILY IN BARN & NEST,2505
84227,HEN HOUSE W CHICK IN NEST,2506
84228,HEN HOUSE W CHICK STANDING,2507
84231,EASTER BUNNY WITH BASKET ON BACK,2508
84306,S/3 PINK SQUARE PLANTERS ROSES,2509
84347,ROTATING SILVER ANGELS T-LIGHT HLDR,2510
84352,SILVER CHRISTMAS TREE BAUBLE STAND ,2511
84356,POMPOM CURTAIN,2512
84358,FLOOR LAMP SHADE WOOD BASE,2513
84360,TABLE LAMP WHITE SHADE WOOD BASE,2514
84375,SET OF 20 KIDS COOKIE CUTTERS,2515
84378,SET OF 3 HEART COOKIE CUTTERS,2516
84380,SET OF 3 BUTTERFLY COOKIE CUTTERS,2517
84388,WISE MAN STAR SHAPE EGG PAN,2518
84422,PINK/BLUE DISC/MIRROR STRING,2519
84452,METAL RABBIT LADDER EASTER ,2520
84457,SET/3 RABBITS FLOWER SKIPPPING ROPE,2521
84461,12 PINK HEN+CHICKS IN BASKET,2522
84462,3 PINK HEN+CHICKS IN BASKET,2523
84465,15 PINK FLUFFY CHICKS IN BOX,2524
84466,TOP SECRET PEN SET,2525
84497,BUTTONS AND STRIPES NOTEBOOK ,2526
84499,BLACK FLOWER CANDLE PLATE,2527
84522,PINK PARTY SUNGLASSES,2528
84527,FLAMES SUNGLASSES PINK LENSES,2529
84539,KNITTED RABBIT DOLL ,2530
84548,CROCHET BEAR RED/BLUE  KEYRING,2531
84549,CROCHET WHITE RABBIT KEYRING ,2532
84550,CROCHET LILAC/RED BEAR KEYRING,2533
84551,CROCHET DOG KEYRING,2534
84568,GIRLS ALPHABET IRON ON PATCHES ,2535
84576,BLUE CAT BISCUIT BARREL PINK HEART,2536
84580,MOUSE TOY WITH PINK T-SHIRT,2537
84581,DOG TOY WITH PINK CROCHET SKIRT,2538
84584,PINK GINGHAM CAT WITH SCARF,2539
84592,CROCHET ROSE PURSE WITH SUEDE BACK,2540
84593,CROCHET ROSE DES CLOTHES HANGER,2541
84598,BOYS ALPHABET IRON ON PATCHES,2542
84600,NEW BAROQUE JEWELLERY BOX ,2543
84609,TALL ROCOCO CANDLE HOLDER,2544
84616,SILVER ROCCOCO CHANDELIER,2545
84617,NEW BAROQUE BLACK BOXES,2546
84620,BLUE GINGHAM ROSE CUSHION COVER,2547
84629,WHITE 3 FRAME BIRDS AND TREE ,2548
84631,FRUIT TREE AND BIRDS WALL PLAQUE,2549
84632,DECORATIVE HANGING SHELVING UNIT,2550
84637,KITCHEN FLOWER POTS WALL PLAQUE,2551
84638,SMALL KITCHEN FLOWER POTS PLAQUE,2552
84658,WHITE STITCHED CUSHION COVER,2553
84665,SQUARE CHERRY BLOSSOM CABINET,2554
84666,SQUARE CHERRY BLOSSOM CABINET,2555
84674,FLYING PIG WATERING CAN,2556
84675,FROG KING WATERING CAN,2557
84678,CLASSICAL ROSE SMALL VASE,2558
84679,CLASSICAL ROSE TABLE LAMP,2559
84683,CLASSICAL ROSE CANDLESTAND,2560
84685,BEACH HUT KEY CABINET,2561
84686,BEACH HUT MIRROR,2562
84687,BEACH HUT SHELF W 3 DRAWERS,2563
84688,BEACH HUT DESIGN BLACKBOARD,2564
84689,S/2 BEACH HUT TREASURE CHESTS,2565
84691,PACK 20 DOLLY PEGS,2566
84692,BOX OF 24 COCKTAIL PARASOLS,2567
84715,SET OF 6 ICE CREAM SKITTLES,2568
84723,CHERRY BLOSSOM CANVAS ART PICTURE,2569
84725,FREESTYLE CANVAS ART PICTURE,2570
84731,3 BIRDS CANVAS SCREEN,2571
84744,S/6 SEW ON CROCHET FLOWERS,2572
84746,PINK EASTER HENS+FLOWER,2573
84748,FOLK FELT HANGING MULTICOL GARLAND,2574
84754,S/15 SILVER GLASS BAUBLES IN BAG,2575
84755,COLOUR GLASS T-LIGHT HOLDER HANGING,2576
84763,ZINC FINISH 15CM PLANTER POTS,2577
84766,SILVER ROCOCO CANDLE STICK,2578
84773,RED ROSE AND LACE C/COVER,2579
84789,ENCHANTED BIRD PLANT CAGE,2580
84792,ENCHANTED BIRD COATHANGER 5 HOOK,2581
84799,SPRIG LAVENDER ARTIFICIAL FLOWER,2582
84813,SET OF 4 DIAMOND NAPKIN RINGS,2583
84816,DANISH ROSE BEDSIDE CABINET,2584
84817,DANISH ROSE DECORATIVE PLATE,2585
84818,DANISH ROSE PHOTO FRAME,2586
84819,DANISH ROSE ROUND SEWING BOX,2587
84820,DANISH ROSE TRINKET TRAYS,2588
84821,DANISH ROSE DELUXE COASTER,2589
84823,DANISH ROSE FOLDING CHAIR,2590
84824,DANISH ROSE UMBRELLA STAND,2591
84826,ASSTD DESIGN 3D PAPER STICKERS,2592
84827,ASS DES PHONE SPONGE CRAFT STICKER,2593
84828,JUNGLE POPSICLES ICE LOLLY MOULDS,2594
84832,ZINC WILLIE WINKIE  CANDLE STICK,2595
84836,ZINC METAL HEART DECORATION,2596
84840,SWEETHEART CARRY-ALL BASKET,2597
84842,HELLO SAILOR BATHROOM SET,2598
84843,WHITE SOAP RACK WITH 2 BOTTLES,2599
84847,FLORAL BATHROOM SET,2600
84854,GIRLY PINK TOOL SET,2601
84865,NEW BAROQUE BLACK PHOTO ALBUM,2602
84879,ASSORTED COLOUR BIRD ORNAMENT,2603
84880,WHITE WIRE EGG HOLDER,2604
84881,BLUE WIRE SPIRAL CANDLE HOLDER,2605
84882,GREEN WIRE STANDING CANDLE HOLDER,2606
84905,PINK BUTTERFLY CUSHION COVER ,2607
84906,PINK B'FLY C/COVER W BOBBLES,2608
84907,PINK YELLOW PATCH CUSHION COVER,2609
84915,HAND TOWEL PINK FLOWER AND DAISY,2610
84916,HAND TOWEL PALE BLUE W FLOWERS,2611
84917,WHITE HAND TOWEL WITH BUTTERFLY,2612
84919,BLUE CUSHION COVER WITH FLOWER,2613
84920,PINK FLOWER FABRIC PONY,2614
84921,CREAM AND PINK FLOWERS PONY ,2615
84922,PINK BUTTERFLY WASHBAG,2616
84929,ASSTD FRUIT+FLOWERS FRIDGE MAGNETS,2617
84944,SET OF 6 KASHMIR FOLKART BAUBLES,2618
84945,MULTI COLOUR SILVER T-LIGHT HOLDER,2619
84946,ANTIQUE SILVER T-LIGHT GLASS,2620
84947,ANTIQUE SILVER TEA GLASS ENGRAVED,2621
84949,SILVER HANGING T-LIGHT HOLDER,2622
84950,ASSORTED COLOUR T-LIGHT HOLDER,2623
84969,BOX OF 6 ASSORTED COLOUR TEASPOONS,2624
84974,S/2 ZINC HEART DESIGN PLANTERS,2625
84975,HEART SHAPED MIRROR,2626
84976,RECTANGULAR SHAPED MIRROR,2627
84978,HANGING HEART JAR T-LIGHT HOLDER,2628
84987,SET OF 36 TEATIME PAPER DOILIES,2629
84988,SET OF 72 PINK HEART PAPER DOILIES,2630
84990,60 GOLD AND SILVER FAIRY CAKE CASES,2631
84991,60 TEATIME FAIRY CAKE CASES,2632
84992,72 SWEETHEART FAIRY CAKE CASES,2633
85006,SET 4 NURSERY DES ROUND BOXES,2634
85008,SET OF 3 CONEY ISLAND OVAL BOXES,2635
85015,SET OF 12  VINTAGE POSTCARD SET,2636
85016,SET OF 6 VINTAGE NOTELETS KIT,2637
85020,ROUND PINK HEART MIRROR,2638
85030,FRENCH CHATEAU OVAL PLATTER,2639
85038,6 CHOCOLATE LOVE HEART T-LIGHTS,2640
85045,GREEN CHRISTMAS TREE STRING 20LIGHT,2641
85047,WHITE BEADED GARLAND STRING 20LIGHT,2642
85048,15CM CHRISTMAS GLASS BALL 20 LIGHTS,2643
85053,FRENCH ENAMEL CANDLEHOLDER,2644
85054,FRENCH ENAMEL POT W LID,2645
85055,FRENCH ENAMEL UTENSIL HOLDER,2646
85059,FRENCH ENAMEL WATER BASIN,2647
85062,PEARL CRYSTAL PUMPKIN T-LIGHT HLDR,2648
85064,CREAM SWEETHEART LETTER RACK,2649
85066,CREAM SWEETHEART MINI CHEST,2650
85067,CREAM SWEETHEART WALL CABINET,2651
85078,SCANDINAVIAN 3 HEARTS NAPKIN RING,2652
85084,HOLLY TOP CHRISTMAS STOCKING,2653
85087,CANDY SPOT CUSHION COVER,2654
85088,CANDY SPOT HAND BAG,2655
85089,CANDY SPOT BUNNY,2656
85092,CANDY SPOT TEA COSY,2657
85093,CANDY SPOT EGG WARMER HARE,2658
85094,CANDY SPOT EGG WARMER RABBIT,2659
85095,THREE CANVAS LUGGAGE TAGS,2660
85096,HILDA CANDY SPOT RABBIT,2661
85103,SILVER T-LIGHT SETTING,2662
85104,SILVER GLASS T-LIGHT SET,2663
85106,CUT GLASS HEXAGON T-LIGHT HOLDER,2664
85107,CUT GLASS T-LIGHT HOLDER OCTAGON,2665
85109,PINK BOUDOIR T-LIGHT HOLDER,2666
85111,SILVER GLITTER FLOWER VOTIVE HOLDER,2667
85116,BLACK CANDELABRA T-LIGHT HOLDER,2668
85118,HEART T-LIGHT HOLDER,2669
85125,SMALL ROUND CUT GLASS CANDLESTICK,2670
85127,SMALL SQUARE CUT GLASS CANDLESTICK,2671
85141,JARDIN ETCHED GLASS FRUITBOWL,2672
85144,JARDIN ETCHED GLASS CHEESE DISH,2673
85145,JARDIN ETCHED GLASS LARGE BELL JAR,2674
85146,JARDIN ETCHED GLASS SMALL BELL JAR,2675
85150,LADIES & GENTLEMEN METAL SIGN,2676
85152,HAND OVER THE CHOCOLATE   SIGN ,2677
85161,ACRYLIC GEOMETRIC LAMP,2678
85172,HYACINTH BULB T-LIGHT CANDLES,2679
85173,SET/6 FROG PRINCE T-LIGHT CANDLES,2680
85174,S/4 CACTI CANDLES,2681
85175,CACTI T-LIGHT CANDLES,2682
85176,SEWING SUSAN 21 NEEDLE SET,2683
85177,BASKET OF FLOWERS SEWING KIT,2684
85178,VICTORIAN SEWING KIT,2685
85187,S/12 MINI RABBIT EASTER,2686
85189,HANGING BUTTERFLY  EGG,2687
85195,HANGING HEART BASKET,2688
85197,SET OF 12 MINI BUNNIES IN A BUCKET,2689
85198,ASSORTED FARMYARD ANIMALS IN BUCKET,2690
85200,BUNNY EGG BOX,2691
85202,HANGING WOOD AND FELT HEART,2692
85203,HANGING WOOD AND FELT BUTTERFLY ,2693
85204,HANGING WOOD AND FELT FLOWER,2694
85208,SET/12 FUNKY FELT FLOWER PEG IN BAG,2695
85211,S/4 GROOVY CAT MAGNETS,2696
85212,MINI PAINTED GARDEN DECORATION ,2697
85213,MINI  ZINC GARDEN DECORATIONS ,2698
85214,TUB 24 PINK FLOWER PEGS,2699
85215,ASSORTED CHEESE FRIDGE MAGNETS,2700
85216,ASSORTED CAKES FRIDGE MAGNETS,2701
85224,ASSORTED COLOUR SILK GLASSES CASE,2702
85225,BLING KEY RING STAND,2703
85227,SET OF 6 3D KIT CARDS FOR KIDS,2704
90021,LASER CUT MULTI STRAND NECKLACE,2705
90022,EDWARDIAN DROP EARRINGS JET BLACK,2706
90023,FILIGREE DIAMANTE EARRINGS,2707
90028,NEW BAROQUE LARGE NECKLACE BLK/WHIT,2708
90029,NEW BAROQUE SMALL NECKLACE BLACK,2709
90031,BILI NUT AND WOOD NECKLACE,2710
90032,IVORY SHELL HEART NECKLACE,2711
90033,IVORY SHELL HEART EARRINGS,2712
90041,PEARL AND CHERRY QUARTZ BRACLET,2713
90043,COPPER AND BRASS BAG CHARM,2714
90046,WHITE WITH METAL BAG CHARM,2715
90048,GREEN WITH METAL BAG CHARM,2716
90049,IVORY GOLD METAL BAG CHARM,2717
90050,CRACKED GLAZE NECKLACE IVORY,2718
90051,CRACKED GLAZE NECKLACE RED,2719
90054,CRACKED GLAZE EARRINGS RED,2720
90055,CRACKED GLAZE EARRINGS BROWN,2721
90057,DIAMANTE RING ASSORTED IN BOX.,2722
90062,CARNIVAL BRACELET,2723
90069,RUBY GLASS CLUSTER NECKLACE,2724
90070,RUBY GLASS CLUSTER BRACELET,2725
90071,RUBY GLASS CLUSTER EARRINGS,2726
90072,RUBY DROP CHANDELIER EARRINGS,2727
90073,VINTAGE ENAMEL & CRYSTAL EARRINGS,2728
90074,BLACK DIAMOND CLUSTER NECKLACE,2729
90076,MONTANA DIAMOND CLUSTER EARRINGS,2730
90078,PINK/WHITE GLASS DEMI CHOKER,2731
90079,VINTAGE ENAMEL & CRYSTAL NECKLACE,2732
90083,CRYSTAL CZECH CROSS PHONE CHARM,2733
90084,PINK CRYSTAL GUITAR PHONE CHARM,2734
90085,CRYSTAL STILETTO PHONE CHARM,2735
90086,CRYSTAL FROG PHONE CHARM,2736
90087,CRYSTAL SEA HORSE PHONE CHARM,2737
90089,PINK CRYSTAL SKULL PHONE CHARM,2738
90093,CLEAR CRYSTAL STAR PHONE CHARM,2739
90094,NECKLACE+BRACELET SET FRUIT SALAD ,2740
90096,NECKLACE+BRACELET SET BLUE BLOSSOM,2741
90098,NECKLACE+BRACELET PINK BUTTERFLY,2742
90099,NECKLACE+BRACELET SET BLUE HIBISCUS,2743
90100,NECKLACE+BRACELET SET PINK DAISY,2744
90101,WHITE FRANGIPANI NECKLACE,2745
90102,WHITE FRANGIPANI HAIR CLIP,2746
90103,PURPLE FRANGIPANI NECKLACE,2747
90104,PURPLE FRANGIPANI HAIRCLIP,2748
90108,BLUE BLOSSOM HAIR CLIP,2749
90114,SUMMER DAISIES BAG CHARM,2750
90116,FRUIT SALAD BAG CHARM,2751
90118,PINK DAISY BAG CHARM,2752
90119,METALIC LEAVES BAG CHARMS,2753
90131,PINK/AMETHYST/GOLD NECKLACE,2754
90133,TEAL/FUSCHIA COL BEAD NECKLACE,2755
90135,ORANGE/WHT/FUSCHIA STONES NECKLACE,2756
90136,PALE PINK/AMETHYST STONE NECKLACE,2757
90138,WHITE/PINK MINI CRYSTALS NECKLACE,2758
90143,SILVER BRACELET W PASTEL FLOWER,2759
90144,SILVER DROP EARRINGS WITH FLOWER,2760
90145,SILVER HOOP EARRINGS WITH FLOWER,2761
90146,FINE SILVER NECKLACE W PASTEL FLOWE,2762
90147,CHUNKY SILVER NECKLACE PASTEL FLOWE,2763
90148,LONG SILVER NECKLACE PASTEL FLOWER,2764
90149,SILVER FLOWR PINK SHELL NECKLACE,2765
90151,SILVER/NATURAL SHELL NECKLACE,2766
90154,LAZER CUT NECKLACE W PASTEL BEADS,2767
90155,RESIN NECKLACE W PASTEL BEADS,2768
90156,RESIN BRACELET W PASTEL BEADS,2769
90157,RIVIERA NECKLACE,2770
90158,ST TROPEZ NECKLACE,2771
90159,COTE D'AZURE NECKLACE,2772
90166,PINK & WHITE ROSEBUD RING,2773
90167,BEADED LOVE HEART JEWELLERY SET,2774
90168,2 DAISIES HAIR COMB,2775
90169,DAISY HAIR COMB,2776
90170,DAISY HAIR BAND,2777
90173,PAIR BUTTERFLY HAIR CLIPS,2778
90174,BUTTERFLY HAIR BAND,2779
90188,DROP EARRINGS W FLOWER & LEAF,2780
90191,SILVER LARIAT 40CM,2781
90192,JADE DROP EARRINGS W FILIGREE,2782
90194,SILVER LARIAT BLACK STONE EARRINGS,2783
90204,PAIR OF ENAMEL BUTTERFLY HAIRCLIP,2784
90208,PAIR OF PINK FLOWER CLUSTER SLIDE,2785
10123C,HEARTS WRAPPING TAPE ,2786
10124A,SPOTS ON RED BOOKCOVER TAPE,2787
10124G,ARMY CAMO BOOKCOVER TAPE,2788
15044A,PINK PAPER PARASOL ,2789
15044B,BLUE PAPER PARASOL ,2790
15044C,PURPLE PAPER PARASOL,2791
15044D,RED PAPER PARASOL,2792
15056BL,EDWARDIAN PARASOL BLACK,2793
15056N,EDWARDIAN PARASOL NATURAL,2794
15056P,EDWARDIAN PARASOL PINK,2795
15058A,BLUE POLKADOT GARDEN PARASOL,2796
15058B,PINK POLKADOT GARDEN PARASOL,2797
15058C,ICE CREAM DESIGN GARDEN PARASOL,2798
15060B,FAIRY CAKE DESIGN UMBRELLA,2799
16020C,CLEAR STATIONERY BOX SET ,2800
16151A,FLOWERS HANDBAG blue and orange,2801
16156L,WRAP CAROUSEL,2802
16156S,WRAP PINK FAIRY CAKES ,2803
16161G,WRAP BAD HAIR DAY,2804
16161M,WRAP  PINK FLOCK,2805
16161P,WRAP ENGLISH ROSE ,2806
16161U,WRAP SUKI AND FRIENDS,2807
16162L,THE KING GIFT BAG,2808
16162M,THE KING GIFT BAG 25x24x12cm,2809
16168M,FUNKY MONKEY GIFT BAG MEDIUM,2810
16169E,WRAP 50'S  CHRISTMAS,2811
16169K,WRAP FOLK ART,2812
16169M,WRAP DAISY CARPET ,2813
16169N,WRAP BLUE RUSSIAN FOLKART,2814
16169P,WRAP GREEN RUSSIAN FOLKART ,2815
16202A,PASTEL PINK PHOTO ALBUM ,2816
16202B,PASTEL BLUE PHOTO ALBUM ,2817
16202E,BLACK PHOTO ALBUM ,2818
16206B,RED PURSE WITH PINK HEART,2819
16207A,PINK STRAWBERRY HANDBAG ,2820
16207B,PINK HEART RED HANDBAG,2821
16244B,MAXWELL 2 TONE BLUE 60 PAGE PHOTO A,2822
16248B,BLUE HOLE PUNCH,2823
16258A,SWIRLY CIRCULAR RUBBERS IN BAG,2824
17007B,S/3 POT POURI CUSHIONS BLUE COLOURS,2825
17011F,ORIGAMI SANDLEWOOD INCENSE+FLOWER,2826
17012A,ORIGAMI VANILLA INCENSE/CANDLE SET ,2827
17012B,ORIGAMI JASMINE INCENSE/CANDLE SET,2828
17012C,ORIGAMI LAVENDER INCENSE/CANDL SET ,2829
17012D,ORIGAMI ROSE INCENSE/CANDLE SET ,2830
17012E,ORIGAMI OPIUM INCENSE/CANDLE SET ,2831
17012F,ORIGAMI SANDLEWOOD INCENSE/CAND SET,2832
17013D,ORIGAMI ROSE INCENSE IN TUBE,2833
17014A,ORIGAMI VANILLA INCENSE CONES,2834
17028J,INCENSE BAZAAR PEACH,2835
17084A,TRANQUILITY MASALA INCENSE,2836
17084J,LOVE POTION MASALA INCENSE,2837
17084N,FAIRY DREAMS INCENSE ,2838
17084P,DRAGONS BLOOD INCENSE,2839
17084R,ASSORTED INCENSE PACK,2840
17090A,LAVENDER INCENSE 40 CONES IN TIN,2841
17090D,VANILLA INCENSE 40 CONES IN TIN,2842
17091A,LAVENDER INCENSE IN TIN,2843
17091J,VANILLA INCENSE IN TIN,2844
17107D,"FLOWER FAIRY,5 SUMMER B'DRAW LINERS",2845
17109D,FLOWER FAIRY INCENSE BOUQUET,2846
17129F,BLUE GLASS GEMS IN BAG,2847
17136A,BLUE STONES ON WIRE FOR CANDLE,2848
17164B,ASS COL SMALL SAND GECKO P'WEIGHT,2849
17165D,ASS COL LARGE SAND FROG P'WEIGHT,2850
17191A,ROSE FLOWER CANDLE+INCENSE 16X16CM,2851
18094C,WHITE AND BLUE CERAMIC OIL BURNER,2852
18097A,PINK TALL PORCELAIN T-LIGHT HOLDER ,2853
18097C,WHITE TALL PORCELAIN T-LIGHT HOLDER,2854
18098C,PORCELAIN BUTTERFLY OIL BURNER,2855
35001G,HAND OPEN SHAPE GOLD,2856
35001W,HAND OPEN SHAPE DECO.WHITE,2857
35004B,SET OF 3 BLACK FLYING DUCKS,2858
35004C,SET OF 3 COLOURED  FLYING DUCKS,2859
35004G,SET OF 3 GOLD FLYING DUCKS,2860
35004P,SET OF 3 PINK FLYING DUCKS,2861
35095A,BLUE VICTORIAN FABRIC OVAL BOX,2862
35095B,RED VICTORIAN FABRIC OVAL BOX,2863
35271S,GOLD PRINT PAPER BAG,2864
35471D,SET OF 3 BIRD LIGHT PINK FEATHER ,2865
35591T,TURQUOISE CHRISTMAS TREE ,2866
35597A,DUSTY PINK CHRISTMAS TREE 30CM,2867
35597B,BLACKCHRISTMAS TREE 30CM,2868
35597D,PINK/WHITE CHRISTMAS TREE 30CM,2869
35598A,DUSTY PINK CHRISTMAS TREE 60CM,2870
35598B,BLACK CHRISTMAS TREE 60CM,2871
35598C,WHITE CHRISTMAS TREE 60CM,2872
35598D,PINK/WHITE CHRISTMAS TREE 60CM,2873
35599B,BLACK CHRISTMAS TREE 120CM,2874
35599D,PINK AND WHITE CHRISTMAS TREE 120CM,2875
35607A,PINK FLUFFY CHRISTMAS DECORATION,2876
35607B,BLACK FEATHER CHRISTMAS DECORATION,2877
35610A,PINK CHRISTMAS FLOCK DROPLET ,2878
35610B,BLACK CHRISTMAS FLOCK DROPLET ,2879
35610C,WHITE CHRISTMAS FLOCK DROPLET ,2880
35637A,IVORY STRING CURTAIN WITH POLE ,2881
35637C,PINK STRING CURTAIN WITH POLE,2882
35638A,PINK AND BLACK STRING CURTAIN,2883
35638B,PINK/BLUE STRING CURTAIN ,2884
35809A,ENAMEL PINK TEA CONTAINER,2885
35809B,ENAMEL BLUE RIM TEA CONTAINER,2886
35810A,ENAMEL PINK COFFEE CONTAINER,2887
35810B,ENAMEL BLUE RIM COFFEE CONTAINER,2888
35815P,"ACRYLIC JEWEL SNOWFLAKE, PINK",2889
35816P,"ACRYLIC JEWEL ANGEL,PINK",2890
35817P,"ACRYLIC JEWEL SNOWFLAKE,PINK",2891
35818B,"ACRYLIC JEWEL ICICLE, BLUE",2892
35818P,"ACRYLIC JEWEL ICICLE, PINK",2893
35819B,"ACRYLIC HANGING JEWEL,BLUE",2894
35819P,"ACRYLIC HANGING JEWEL,PINK",2895
35833P,4 PINK FLOCK CHRISTMAS BALLS,2896
35909A,RABBIT EASTER DECORATION,2897
35909B,PINK FLOWERS RABBIT EASTER,2898
35910A,MULTICOLOUR EASTER RABBIT ,2899
35910B,PINK FLOWERS RABBIT EASTER,2900
35911A,MULTICOLOUR RABBIT EGG WARMER,2901
35911B,PINK/FLOWER RABBIT EGG WARMER ,2902
35912B,WHITE/PINK CHICK DECORATION,2903
35913B,WHITE/PINK CHICK EASTER DECORATION,2904
35915B,BLUE KNITTED HEN ,2905
35915C,PEACH KNITTED HEN ,2906
35916A,YELLOW FELT HANGING HEART W FLOWER,2907
35916B,BLUE FELT HANGING HEART WITH FLOWER,2908
35916C,PINK FELT HANGING HEART W FLOWER,2909
37379A,PINK CHERRY BLOSSOM CUP & SAUCER,2910
37444A,YELLOW BREAKFAST CUP AND SAUCER,2911
37444B,BLUE BREAKFAST CUP AND SAUCER ,2912
37444C,PINK BREAKFAST CUP AND SAUCER ,2913
37462E,"PET MUG, GOLDFISH",2914
37479B,CUBIC MUG FLOCK BLUE ON BROWN,2915
37479P,CUBIC MUG FLOCK PINK ON BROWN,2916
37482P,CUBIC MUG PINK POLKADOT,2917
37487B,YELLOW/ORANGE FLOWER DESIGN PLATE,2918
37488A,YELLOW PINK FLOWER DESIGN BIG BOWL,2919
37489A,YELLOW/PINK FLOWER DESIGN BIG MUG,2920
37489B,BLUE/YELLOW FLOWER DESIGN BIG MUG,2921
37489C,GREEN/BLUE FLOWER DESIGN BIG MUG,2922
37489D,PINK/GREEN FLOWER DESIGN BIG MUG,2923
37491B,BLUE/YELLOW CERAMIC CANDLE HOLDER,2924
37491C,GREEN/BLUE CERAMIC CANDLE HOLDER,2925
37491D,PURPLE/BLUE CERAMIC CANDLE HOLDER,2926
40005B,BLUE ORGANDY ROUND LAMPSHADE W BEA,2927
40046A,RED DAISY PAPER LAMPSHADE,2928
44089A,PINK GAUZE BUTTERFLY LAMPSHADE,2929
44089C,LILAC GAUZE BUTTERFLY LAMPSHADE,2930
44091A,BLUE CRUSOE CHECK LAMPSHADE,2931
44092B,BLUE WHITE PLASTIC RINGS LAMPSHADE,2932
44092C,PURPLE/COPPER HANGING LAMPSHADE,2933
44242A,LILAC FEATHERS CURTAIN,2934
44242B,PINK FEATHERS CURTAIN,2935
46000M,POLYESTER FILLER PAD 45x45cm,2936
46000P,POLYESTER FILLER PAD 65CMx65CM,2937
46000R,POLYESTER FILLER PAD 45x30cm,2938
46000S,POLYESTER FILLER PAD 40x40cm,2939
46000U,POLYESTER FILLER PAD 30CMx30CM,2940
46115B,GREEN POP ART MAO CUSHION COVER ,2941
46126A,ELVIS WALLHANGING / CURTAIN,2942
46138B,BLUE CHENILLE SHAGGY CUSHION COVER ,2943
46775D,SUNSET COLOUR CHUNKY KNITTED THROW,2944
46776A,WOVEN BUBBLE GUM CUSHION COVER,2945
46776B,WOVEN BERRIES CUSHION COVER ,2946
46776C,WOVEN FROST CUSHION COVER,2947
46776D,WOVEN SUNSET CUSHION COVER ,2948
46776E,WOVEN CANDY CUSHION COVER ,2949
46776F,WOVEN ROSE GARDEN CUSHION COVER ,2950
47013A,WINE BOTTLE DRESSING LT.BLUE,2951
47013C,WINE BOTTLE DRESSING DARK BLUE,2952
47021G,SET/6 BEAD COASTERS GAUZE BAG GOLD,2953
47310M,SMALL POP BOX FUNKY MONKEY,2954
47341A,FUSCHIA TABLE RUN FLOWER ,2955
47341B,BLUE TABLE RUN FLOWER,2956
47343A,FUSCHIA FLOWER PURSE WITH BEADS,2957
47344B,BLUE FLOWER DES PURSE,2958
47348A,FUSCHIA VOILE POINTY SHOE DEC,2959
47351B,BLUE  VOILE LAMPSHADE,2960
47367B,PAIR PADDED HANGERS PINK CHECK,2961
47369A,PINK GREEN EMBROIDERY COSMETIC BAG,2962
47369B,BLUE GREEN EMBROIDERY COSMETIC BAG,2963
47503A,ASS FLORAL PRINT MULTI SCREWDRIVER,2964
47503H,ASS FLORAL PRINT SPIRIT LEVEL ,2965
47503J,SET/3 FLORAL GARDEN TOOLS IN BAG,2966
47504H,ENGLISH ROSE SPIRIT LEVEL ,2967
47504K,ENGLISH ROSE GARDEN SECATEURS,2968
47518F,ICON PLACEMAT POP ART ELVIS,2969
47556B,TEA TIME TEA TOWELS ,2970
47559B,TEA TIME OVEN GLOVE,2971
47563A,RETRO LONGBOARD IRONING BOARD COVER,2972
47566B,TEA TIME PARTY BUNTING,2973
47567B,TEA TIME KITCHEN APRON,2974
47570B,TEA TIME TABLE CLOTH,2975
47574A,ENGLISH ROSE SCENTED HANGING FLOWER,2976
47574B,ENGLISH ROSE SCENTED HANGING HEART,2977
47578A,ENGLISH ROSE SMALL SCENTED FLOWER,2978
47585A,PINK FAIRY CAKE CUSHION COVER,2979
47586A,PINK FAIRY CAKE CUSHION COVER,2980
47590A,BLUE HAPPY BIRTHDAY BUNTING,2981
47590B,PINK HAPPY BIRTHDAY BUNTING,2982
47591B,SCOTTIES CHILDRENS APRON,2983
47591D,PINK FAIRY CAKE CHILDRENS APRON,2984
47593A,CAROUSEL PONIES BABY BIB,2985
47593B,SCOTTIE DOGS BABY BIB,2986
47594A,CAROUSEL DESIGN WASHBAG,2987
47594B,SCOTTIES DESIGN WASHBAG,2988
47599A,PINK PARTY BAGS,2989
47599B,BLUE PARTY BAGS ,2990
48173C,DOORMAT BLACK FLOCK ,2991
51014A,"FEATHER PEN,HOT PINK",2992
51014C,"FEATHER PEN,COAL BLACK",2993
51014L,"FEATHER PEN,LIGHT PINK",2994
51020A,SUMMER FUN DESIGN SHOWER CAP,2995
51020B,STRIPY DESIGN SHOWER CAP,2996
62043B,BLUE CHECK BAG W HANDLE 34X20CM,2997
62074B,ELEPHANT CLIP W SUCTION CUP,2998
62086A,PINK RETRO BIG FLOWER BAG,2999
62094B,TURQ ICE CREAM BUM BAG ,3000
62096A,PINK/YELLOW FLOWERS HANDBAG,3001
62096B,PURPLE/TURQ FLOWERS HANDBAG,3002
62097B,BLUE STRIPES SHOULDER BAG,3003
71101E,STANDING FAIRY POLE SUPPORT ,3004
71406C,BLACK ORANGE SQUEEZER,3005
71495A,CD WALL TIDY BLUE OFFICE,3006
71495B,CD WALL TIDY RED FLOWERS,3007
71496A,A4 WALL TIDY BLUE OFFICE,3008
71496B,A4 WALL TIDY RED FLOWERS,3009
72024U,LILAC VOTIVE CANDLE,3010
72051S,BAG OF SILVER STONES,3011
72140E,BEST DAD CANDLE LETTERS,3012
72225C,LAVENDER SCENT CAKE CANDLE,3013
72349B,SET/6 PURPLE BUTTERFLY T-LIGHTS,3014
72351A,SET/6 TURQUOISE BUTTERFLY T-LIGHTS,3015
72351B,SET/6 PINK  BUTTERFLY T-LIGHTS,3016
72369A,PINK CLEAR GLASS CANDLE PLATE,3017
72760B,VINTAGE CREAM 3 BASKET CAKE STAND,3018
72798C,SET/4 GARDEN ROSE DINNER CANDLE,3019
72799C,PINK PILLAR CANDLE SILVER FLOCK,3020
72799E,IVORY PILLAR CANDLE SILVER FLOCK,3021
72799F,IVORY PILLAR CANDLE GOLD FLOCK,3022
72800B, 4 PURPLE FLOCK DINNER CANDLES,3023
72800C,4 PINK DINNER CANDLE SILVER FLOCK,3024
72800D,4 BLUE DINNER CANDLES SILVER FLOCK,3025
72800E,4 IVORY DINNER CANDLES SILVER FLOCK,3026
72801C,4 ROSE PINK DINNER CANDLES,3027
72801D,4 SKY BLUE DINNER CANDLES,3028
72801G,4 BURGUNDY WINE DINNER CANDLES,3029
72802A,ROSE SCENT CANDLE IN JEWELLED BOX,3030
72802B,OCEAN SCENT CANDLE IN JEWELLED BOX,3031
72802C,VANILLA SCENT CANDLE JEWELLED BOX,3032
72803A,ROSE SCENT CANDLE JEWELLED DRAWER,3033
72807A,SET/3 ROSE CANDLE IN JEWELLED BOX,3034
72807B,SET/3 OCEAN SCENT CANDLE JEWEL BOX,3035
72807C,SET/3 VANILLA SCENTED CANDLE IN BOX,3036
75013B,"STRING OF 8 BUTTERFLIES,PINK",3037
75049L,LARGE CIRCULAR MIRROR MOBILE,3038
77101A,UNION FLAG WINDSOCK,3039
78034B,BLUE NETTING STORAGE HANGER,3040
79026B,"S/4 ICON COASTER,ELVIS LIVES",3041
79030D,TUMBLER BAROQUE,3042
79030G,TUMBLER NEW ENGLAND,3043
79051A,SMOKEY GREY COLOUR D.O.F. GLASS,3044
79062D,"RETRO TIN ASHTRAY,REVOLUTIONARY",3045
79063C,"RETRO PILL BOX KEY CHAIN,THE KING",3046
79063D,"RETRO PILL BOX , REVOLUTIONARY",3047
79066K,RETRO MOD TRAY,3048
79071B,ENGLISH ROSE METAL WASTE BIN,3049
79144B,PAINTED LIGHTBULB STAR+ MOON,3050
79144C,PAINTED LIGHTBULB RAINBOW DESIGN,3051
79149B,SILICON STAR BULB  BLUE,3052
79151B,"SILICON CUBE 25W, BLUE",3053
79157B,UBO-LIGHT TRIOBASE BLUE,3054
79157V,UBO-LIGHT TRIOBASE PURPLE,3055
79161A,ST GEORGE SET OF 10 PARTY LIGHTS,3056
79190A,RETRO PLASTIC 70'S TRAY,3057
79190B,RETRO PLASTIC POLKA TRAY,3058
79190D,RETRO PLASTIC DAISY TRAY,3059
79191B,RETRO PLASTIC POLKA TRAY,3060
79191C,RETRO PLASTIC ELEPHANT TRAY,3061
79191D,RETRO PLASTIC DAISY TRAY,3062
79192A,RETRO PLASTIC 70'S TRAY,3063
79302M,"ART LIGHTS,FUNK MONKEY",3064
79323B,BLACK CHERRY LIGHTS,3065
79323P,PINK CHERRY LIGHTS,3066
81950B,FLOWER BLUE CLOCK WITH SUCKER,3067
81950V,FLOWER PURPLE CLOCK W/SUCKER,3068
81952B,ROUND BLUE CLOCK WITH SUCKER,3069
81952V,ROUND PURPLE CLOCK WITH SUCKER,3070
81953B,ROUND BLUE CLOCK WITH SUCKER,3071
81953P,ROUND ARTICULATED PINK CLOCK W/SUCK,3072
82001S,VINYL RECORD FRAME SILVER,3073
82011A,"BATHROOM SCALES, TROPICAL BEACH",3074
82011B,BATHROOM SCALES RUBBER DUCKS,3075
82011C,BATHROOM SCALES FOOTPRINTS IN SAND,3076
82494L,WOODEN FRAME ANTIQUE WHITE ,3077
82613A,"METAL SIGN,CUPCAKE SINGLE HOOK",3078
82613B,"METAL SIGN,CUPCAKE SINGLE HOOK",3079
82613C,"METAL SIGN,CUPCAKE SINGLE HOOK",3080
82613D,METAL SIGN CUPCAKE SINGLE HOOK,3081
82616B,FRAPPUCINO SCARF KNITTING KIT,3082
82616C,MIDNIGHT GLAMOUR SCARF KNITTING KIT,3083
84029E,RED WOOLLY HOTTIE WHITE HEART.,3084
84029G,KNITTED UNION FLAG HOT WATER BOTTLE,3085
84030E,ENGLISH ROSE HOT WATER BOTTLE,3086
84031A,CHARLIE+LOLA RED HOT WATER BOTTLE ,3087
84031B,CHARLIE LOLA BLUE HOT WATER BOTTLE ,3088
84032A,CHARLIE+LOLA PINK HOT WATER BOTTLE,3089
84032B,CHARLIE + LOLA RED HOT WATER BOTTLE,3090
84078A,SET/4 WHITE RETRO STORAGE CUBES ,3091
84086B,YELLOW/BLUE RETRO RADIO,3092
84086C,PINK/PURPLE RETRO RADIO,3093
84201B,HAPPY BIRTHDAY CARD STRIPEY TEDDY,3094
84201C,HAPPY BIRTHDAY CARD TEDDY/CAKE,3095
84206A,3 BLACK CATS W HEARTS BLANK CARD,3096
84206B,CAT WITH SUNGLASSES BLANK CARD,3097
84206C,CHAMPAGNE TRAY BLANK CARD,3098
84247E,PACK OF 12 CHRISTMAS FUN CARDS,3099
84247G,"DECOUPAGE,GREETING CARD,",3100
84247K,"FOLK ART GREETING CARD,pack/12",3101
84247L,FAWN AND MUSHROOM GREETING CARD,3102
84247N,PACK/12 BLUE FOLKART CARDS,3103
84249A,"GREETING CARD,SQUARE, DOUGHNUTS",3104
84251B,"GREETING CARD, STICKY GORDON",3105
84251C,"GREETING CARD, TWO SISTERS.",3106
84251G,"GREETING CARD, OVERCROWDED POOL.",3107
84279B,CHERRY BLOSSOM DECORATIVE FLASK,3108
84279P,CHERRY BLOSSOM  DECORATIVE FLASK,3109
84313B,BLUE TV TRAY TABLE ,3110
84313C,ORANGE TV TRAY TABLE ,3111
84341B,SMALL PINK MAGIC CHRISTMAS TREE,3112
84387A,BIRD ON BRANCH CANVAS SCREEN,3113
84402B,PURPLE DRESS JEWELLERY STAND,3114
84406B,CREAM CUPID HEARTS COAT HANGER,3115
84415A,PINK FLOCK SUEDE CUSHION COVER ,3116
84415B,BLUE FLOCK CUSHION COVER ,3117
84429A,MEDIUM PINK BUDDHA HEAD ,3118
84459A,PINK METAL CHICKEN HEART ,3119
84459B,YELLOW METAL CHICKEN HEART ,3120
84507B,STRIPES DESIGN MONKEY DOLL,3121
84507C,BLUE CIRCLES DESIGN MONKEY DOLL,3122
84508A,CAMOUFLAGE DESIGN TEDDY,3123
84508B,STRIPES DESIGN TEDDY,3124
84508C,BLUE CIRCLES DESIGN TEDDY,3125
84509A,SET OF 4 ENGLISH ROSE PLACEMATS,3126
84509B,SET OF 4 FAIRY CAKE PLACEMATS,3127
84509C,SET OF 4 POLKADOT PLACEMATS ,3128
84509E,SET OF 4 CAROUSEL PLACEMATS ,3129
84509G,SET OF 4 FAIRY CAKE PLACEMATS ,3130
84510A,SET OF 4 ENGLISH ROSE COASTERS,3131
84510C,SET OF 4 POLKADOT COASTERS,3132
84510E,SET OF 4 GREEN CAROUSEL COASTERS,3133
84519A,TOMATO CHARLIE+LOLA COASTER SET,3134
84519B,CARROT CHARLIE+LOLA COASTER SET,3135
84520B,PACK 20 ENGLISH ROSE PAPER NAPKINS,3136
84531A,PINK KNITTED EGG COSY,3137
84531B,BLUE KNITTED EGG COSY,3138
84534B,FAIRY CAKE NOTEBOOK A5 SIZE,3139
84535A,ENGLISH ROSE NOTEBOOK A6 SIZE,3140
84535B,FAIRY CAKES NOTEBOOK A6 SIZE,3141
84536A,ENGLISH ROSE NOTEBOOK A7 SIZE,3142
84536B,FAIRY CAKES NOTEBOOK A7 SIZE,3143
84558A,3D DOG PICTURE PLAYING CARDS,3144
84559A,3D SHEET OF DOG STICKERS,3145
84559B,3D SHEET OF CAT STICKERS,3146
84562A,PINK/WHITE RIBBED MELAMINE JUG,3147
84563A,PINK & WHITE BREAKFAST TRAY,3148
84563B,BLUE & WHITE BREAKFAST TRAY,3149
84569A,PACK 3 IRON ON DOG PATCHES,3150
84569B,PACK 3 FIRE ENGINE/CAR PATCHES,3151
84569C,PACK 4 FLOWER/BUTTERFLY PATCHES,3152
84569D,PACK 6 HEART/ICE-CREAM PATCHES,3153
84575A,PINK DOG CANNISTER,3154
84595E,LARGE TORTILLA DESIGN RED BOWL,3155
84596B,SMALL DOLLY MIX DESIGN ORANGE BOWL,3156
84596E,SMALL LICORICE DES PINK BOWL,3157
84596F,SMALL MARSHMALLOWS PINK BOWL,3158
84596G,SMALL CHOCOLATES PINK BOWL,3159
84596J,MIXED NUTS LIGHT GREEN BOWL,3160
84596L,BISCUITS SMALL BOWL LIGHT BLUE,3161
84597B,RETRO BROWN BALL ASHTRAY ,3162
84597C,RETRO PINK BALL ASHTRAY ,3163
84613A,PINK NEW BAROQUE FLOCK CANDLESTICK,3164
84613C,BLUE NEW BAROQUE FLOCK CANDLESTICK,3165
84614A,PINK BAROQUE FLOCK CANDLE HOLDER,3166
84625A,PINK NEW BAROQUECANDLESTICK CANDLE,3167
84625C,BLUE NEW BAROQUE CANDLESTICK CANDLE,3168
84659A,WHITE TRAVEL ALARM CLOCK,3169
84660A,WHITE STITCHED WALL CLOCK,3170
84660B,BLACK STITCHED WALL CLOCK,3171
84660C,PINK STITCHED WALL CLOCK,3172
84661A,WHITE SQUARE TABLE CLOCK,3173
84661B,BLACK SQUARE TABLE CLOCK,3174
84661C,PINK SQUARE TABLE CLOCK,3175
84663A,GRASS HOPPER WOODEN WALL CLOCK ,3176
84673A,PINK FLY SWAT,3177
84673B,BLUE FLY SWAT,3178
84705C,PINK FLOCK PHOTO FRAME ,3179
84706D,CHERRY BLOSSOM TABLE CLOCK ,3180
84706F,RED PEONY TABLE CLOCK,3181
84707A,SILVER JEWELLED MIRROR TRINKET TRAY,3182
84707B,PINK JEWELLED MIRROR TRINKET TRAY,3183
84708B,PINK JEWELLED PHOTO FRAME ,3184
84709B,PINK OVAL JEWELLED MIRROR,3185
84711A,SILVER OVAL SHAPE TRINKET BOX,3186
84711B,PINK OVAL SHAPE TRINKET BOX,3187
84712B,PINK JEWELLED PHOTO FRAME,3188
84732B,CUTE BIRD CEATURE SCREEN,3189
84732D,CUTE RABBIT CEATURE SCREEN ,3190
84741C,CITRUS GARLAND FELT FLOWERS ,3191
84743C,ORANGE FELT VASE + FLOWERS,3192
84745A,PINK HANGING GINGHAM EASTER HEN,3193
84745B,BLUE HANGING GINGHAM EASTER HEN,3194
84750A,PINK SMALL GLASS CAKE STAND,3195
84750B,BLACK SMALL GLASS CAKE STAND,3196
84751B,BLACK MEDIUM GLASS CAKE STAND,3197
84760S,SMALL HANGING GLASS+ZINC LANTERN,3198
84795B,SUNSET CHECK HAMMOCK,3199
84795C,OCEAN STRIPE HAMMOCK ,3200
84796A,PINK HAWAIIAN PICNIC HAMPER FOR 2,3201
84796B,BLUE SAVANNAH PICNIC HAMPER FOR 2,3202
84798A,PINK FOXGLOVE ARTIIFCIAL FLOWER,3203
84798B,PURPLE FOXGLOVE ARTIIFCIAL FLOWER,3204
84800L,LARGE WHITE/PINK ROSE ART FLOWER,3205
84800M,MEDIUM WHITE/PINK ROSE ART FLOWER,3206
84800S,SMALL WHITE/PINK ROSE ART FLOWER,3207
84801A,PINK HYDRANGEA ART FLOWER,3208
84801B,WHITE HYDRANGEA ART FLOWER,3209
84802A,WHITE ANEMONE ARTIFICIAL FLOWER,3210
84802B,PURPLE ANEMONE ARTIFICIAL FLOWER,3211
84803B,WHITE ALLIUM  ARTIFICIAL FLOWER,3212
84804A,CREAM DELPHINIUM ARTIFICIAL FLOWER,3213
84804B,BLUE DELPHINIUM ARTIFICIAL FLOWER,3214
84805A,CREAM CLIMBING HYDRANGA ART FLOWER,3215
84805B,BLUE CLIMBING HYDRANGA ART FLOWER,3216
84806A,PINK CANDYSTUFT ARTIFICIAL FLOWER,3217
84806B,WHITE CANDYSTUFT ARTIFICIAL FLOWER,3218
84809A,WHITE CHRYSANTHEMUMS ART FLOWER,3219
84809B,PINK CHRYSANTHEMUMS ART FLOWER,3220
84846A,SCENTED CANDLE IN DIGITALIS TIN,3221
84849A,HELLO SAILOR BLUE SOAP HOLDER,3222
84849B,FAIRY SOAP SOAP HOLDER,3223
84849D,HOT BATHS SOAP HOLDER,3224
84857B,BLUE MONTE CARLO HANDBAG,3225
84857C,PINK MONTE CARLO HANDBAG,3226
84858C,PINK RIVIERA HANDBAG,3227
84859A,SILVER DISCO HANDBAG,3228
84859B,BLUE DISCO HANDBAG,3229
84859C,PINK DISCO HANDBAG,3230
84870B,BLUE GEISHA GIRL ,3231
84870C,GREEN GEISHA GIRL ,3232
84872A,TEATIME FUNKY FLOWER BACKPACK FOR 2,3233
84873A,FUNKY FLOWER PICNIC BAG FOR 4,3234
84874B,BLUE TRAVEL FIRST AID KIT,3235
84875B,GREEN SQUARE COMPACT MIRROR,3236
84875D,BLUE SQUARE COMPACT MIRROR,3237
84876B,GREEN HEART COMPACT MIRROR,3238
84876D,BLUE HEART COMPACT MIRROR,3239
84877A,PINK ROUND COMPACT MIRROR,3240
84877B,GREEN ROUND COMPACT MIRROR,3241
84877D,BLUE ROUND COMPACT MIRROR,3242
84884A,ANT WHITE WIRE HEART SPIRAL,3243
84898F,YELLOW FLOWERS FELT HANDBAG KIT,3244
84910A,PINK PAISLEY CUSHION COVER ,3245
84912A,PINK ROSE WASHBAG,3246
84912B,GREEN ROSE WASHBAG,3247
84913A,SOFT PINK ROSE TOWEL ,3248
84913B,MINT GREEN ROSE TOWEL,3249
84924A,WAKE UP COCKEREL CALENDAR SIGN ,3250
84924F,PSYCHEDELIC METAL SIGN CALENDAR,3251
84925D,LA PALMIERA WALL THERMOMETER,3252
84925F,PSYCHEDELIC WALL THERMOMETER,3253
84926A,WAKE UP COCKEREL TILE COASTER,3254
84926D,LA PALMIERA TILE COASTER,3255
84926E,FLOWERS TILE COASTER,3256
84926F,PSYCHEDELIC TILE COASTER,3257
84927A,WAKE UP COCKEREL TILE HOOK,3258
84927D,LA PALMIERA TILE HOOK,3259
84927E,FLOWERS TILE HOOK,3260
84927F,PSYCHEDELIC TILE HOOK,3261
84931A,PINK SCOTTIE DOG W FLOWER PATTERN,3262
84931B,BLUE SCOTTIE DOG W FLOWER PATTERN,3263
84951A,SET OF 4 PISTACHIO LOVEBIRD COASTER,3264
84951B,SET OF 4 BLACK LOVEBIRD COASTERS,3265
84952A,CLEAR LOVE BIRD T-LIGHT HOLDER,3266
84952B,BLACK LOVE BIRD T-LIGHT HOLDER,3267
84952C,MIRROR LOVE BIRD T-LIGHT HOLDER,3268
84963A,PINK PAINTED KASHMIRI CHAIR,3269
84963B,BLUE PAINTED KASHMIRI CHAIR,3270
84968A,SET OF 16 VINTAGE ROSE CUTLERY,3271
84968B,SET OF 16 VINTAGE IVORY CUTLERY,3272
84968C,SET OF 16 VINTAGE PISTACHIO CUTLERY,3273
84968D,SET OF 16 VINTAGE RED CUTLERY,3274
84968E,SET OF 16 VINTAGE BLACK CUTLERY,3275
84968F,SET OF 16 VINTAGE SKY BLUE CUTLERY,3276
84970L,SINGLE HEART ZINC T-LIGHT HOLDER,3277
84970S,HANGING HEART ZINC T-LIGHT HOLDER,3278
84971S,SMALL HEART FLOWERS HOOK ,3279
84984A,GREEN PEONY CUSHION COVER,3280
84984B,RED PEONY CUSHION COVER ,3281
84984D,ORIENTAL RED CUSHION COVER ,3282
84985A,SET OF 72 GREEN PAPER DOILIES,3283
84989A,75 GREEN FAIRY CAKE CASES,3284
84993A,75 GREEN PETIT FOUR CASES,3285
84993B,75 BLACK PETIT FOUR CASES,3286
84997A,CHILDRENS CUTLERY POLKADOT GREEN ,3287
84997B,CHILDRENS CUTLERY RETROSPOT RED ,3288
84997C,CHILDRENS CUTLERY POLKADOT BLUE,3289
84997D,CHILDRENS CUTLERY POLKADOT PINK,3290
85014A,BLACK/BLUE POLKADOT UMBRELLA,3291
85014B,RED RETROSPOT UMBRELLA,3292
85017A,ENVELOPE 50 ROMANTIC IMAGES,3293
85017B,ENVELOPE 50 BLOSSOM IMAGES,3294
85017C,ENVELOPE 50 CURIOUS IMAGES,3295
85018D,YULETIDE IMAGES S/6 PAPER BOXES,3296
85019A,ROMANTIC IMAGES NOTEBOOK SET,3297
85019B,BLOSSOM  IMAGES NOTEBOOK SET,3298
85019C,CURIOUS  IMAGES NOTEBOOK SET,3299
85023B,EAU DE NILE JEWELLED PHOTOFRAME,3300
85024B,EAU DE NILE JEWELLED PHOTOFRAME,3301
85024C,PINK SMALL JEWELLED PHOTOFRAME,3302
85025B,EAU DE NILE HEART SHAPE PHOTO FRAME,3303
85025C,PINK HEART SHAPE PHOTO FRAME,3304
85026B,EAU DE NILE JEWELLED T-LIGHT HOLDER,3305
85027L,FRENCH CHATEAU LARGE PLATTER ,3306
85028L,FRENCH CHATEAU LARGE FRUIT BOWL ,3307
85028S,FRENCH CHATEAU SMALL FRUITBOWL,3308
85031A,ROMANTIC IMAGES SCRAP BOOK SET,3309
85031B,BLOSSOM IMAGES SCRAP BOOK SET,3310
85031C,CURIOUS IMAGES SCRAP BOOK SET,3311
85032A,ROMANTIC IMAGES GIFT WRAP SET,3312
85032B,BLOSSOM IMAGES GIFT WRAP SET,3313
85032C,CURIOUS IMAGES GIFT WRAP SET,3314
85032D,YULETIDE IMAGES GIFT WRAP SET,3315
85034A,3 GARDENIA MORRIS BOXED CANDLES,3316
85034B,3 WHITE CHOC MORRIS BOXED CANDLES,3317
85034C,3 ROSE MORRIS BOXED CANDLES,3318
85035A,GARDENIA 3 WICK MORRIS BOXED CANDLE,3319
85035B,CHOCOLATE 3 WICK MORRIS BOX CANDLE,3320
85035C,ROSE 3 WICK MORRIS BOX CANDLE,3321
85036A,GARDENIA 1 WICK MORRIS BOXED CANDLE,3322
85036B,CHOCOLATE 1 WICK MORRIS BOX CANDLE,3323
85036C,ROSE 1 WICK MORRIS BOXED CANDLE,3324
85039A,SET/4 RED MINI ROSE CANDLE IN BOWL,3325
85039B,S/4 IVORY MINI ROSE CANDLE IN BOWL,3326
85039C,S/4 BLACK MINI ROSE CANDLE IN BOWL,3327
85040A,S/4 PINK FLOWER CANDLES IN BOWL,3328
85040B,SET/4 BLUE FLOWER CANDLES IN BOWL,3329
85049A,TRADITIONAL CHRISTMAS RIBBONS,3330
85049B,LUSH GREENS RIBBONS,3331
85049C,ROMANTIC PINKS RIBBONS ,3332
85049D,BRIGHT BLUES RIBBONS ,3333
85049E,SCANDINAVIAN REDS RIBBONS,3334
85049F,BABY BOOM RIBBONS ,3335
85049G,CHOCOLATE BOX RIBBONS ,3336
85049H,URBAN BLACK RIBBONS ,3337
85061W,WHITE JEWELLED HEART DECORATION,3338
85071A,BLUE CHARLIE+LOLA PERSONAL DOORSIGN,3339
85071B,RED CHARLIE+LOLA PERSONAL DOORSIGN,3340
85071C,"CHARLIE+LOLA""EXTREMELY BUSY"" SIGN",3341
85071D,CHARLIE+LOLA MY ROOM DOOR SIGN,3342
85086A,CANDY SPOT HEART DECORATION,3343
85099B,JUMBO BAG RED RETROSPOT,3344
85099C,JUMBO  BAG BAROQUE BLACK WHITE,3345
85099F,JUMBO BAG STRAWBERRY,3346
85114A,BLACK ENCHANTED FOREST PLACEMAT,3347
85114B,IVORY ENCHANTED FOREST PLACEMAT,3348
85114C,RED ENCHANTED FOREST PLACEMAT,3349
85123A,WHITE HANGING HEART T-LIGHT HOLDER,3350
85124B,BLUE JUICY FRUIT PHOTO FRAME,3351
85124C,GREEN JUICY FRUIT PHOTO FRAME,3352
85129B,BEADED CRYSTAL HEART GREEN SMALL,3353
85129C,BEADED CRYSTAL HEART BLUE SMALL,3354
85129D,BEADED CRYSTAL HEART PINK SMALL,3355
85130A,BEADED PEARL HEART WHITE LARGE,3356
85130B,BEADED CRYSTAL HEART GREEN LARGE,3357
85130C,BEADED CRYSTAL HEART BLUE  LARGE,3358
85130D,BEADED CRYSTAL HEART PINK LARGE,3359
85131A,BEADED PEARL HEART WHITE ON STICK,3360
85131B,BEADED CRYSTAL HEART GREEN ON STICK,3361
85131C,BEADED CRYSTAL HEART BLUE ON STICK,3362
85131D,BEADED CRYSTAL HEART PINK ON STICK,3363
85132A,CHARLIE + LOLA BISCUITS TINS,3364
85132B,CHARLIE AND LOLA TABLE TINS,3365
85132C,CHARLIE AND LOLA FIGURES TINS,3366
85135A,YELLOW DRAGONFLY HELICOPTER,3367
85135B,BLUE DRAGONFLY HELICOPTER,3368
85135C,RED DRAGONFLY HELICOPTER,3369
85136A,YELLOW SHARK HELICOPTER,3370
85136B,BLUE SHARK HELICOPTER,3371
85136C,RED SHARK HELICOPTER,3372
85159A,"BLACK TEA,COFFEE,SUGAR JARS",3373
85159B,"WHITE TEA,COFFEE,SUGAR JARS",3374
85160B,BLACK BIRD GARDEN DESIGN MUG,3375
85163A,WHITE BAROQUE WALL CLOCK ,3376
85163B,BLACK BAROQUE WALL CLOCK ,3377
85167B,BLACK GRAND BAROQUE PHOTO FRAME,3378
85168B,BLACK BAROQUE CARRIAGE CLOCK,3379
85169A,IVORY LOVE BIRD CANDLE,3380
85169B,BLACK LOVE BIRD CANDLE,3381
85169C,EAU DE NIL LOVE BIRD CANDLE,3382
85169D,PINK LOVE BIRD CANDLE,3383
85170A,SET/6 IVORY BIRD T-LIGHT CANDLES,3384
85170B,SET/6 BLACK BIRD T-LIGHT CANDLES,3385
85170C,SET/6 EAU DE NIL BIRD T-LIGHTS,3386
85170D,SET/6 PINK BIRD T-LIGHT CANDLES,3387
85179A,GREEN BITTY LIGHT CHAIN,3388
85179C,PINK BITTY LIGHT CHAIN,3389
85180A,RED HEARTS LIGHT CHAIN ,3390
85180B,PINK HEARTS LIGHT CHAIN ,3391
85183A,CHARLIE & LOLA WASTEPAPER BIN BLUE,3392
85183B,CHARLIE & LOLA WASTEPAPER BIN FLORA,3393
85184C,S/4 VALENTINE DECOUPAGE HEART BOX,3394
85185B,PINK HORSE SOCK PUPPET,3395
85185D,FROG SOCK PUPPET,3396
85186A,EASTER BUNNY GARLAND OF FLOWERS,3397
85186C,BUNNY EGG GARLAND,3398
85188A,GREEN METAL SWINGING BUNNY,3399
85188B,PINK METAL SWINGING BUNNY,3400
85194L,HANGING SPRING FLOWER EGG LARGE,3401
85194S,HANGING SPRING FLOWER EGG SMALL,3402
85199L,LARGE HANGING IVORY & RED WOOD BIRD,3403
85199S,SMALL HANGING IVORY/RED WOOD BIRD,3404
85205B,PINK FELT EASTER RABBIT GARLAND,3405
85206A,CREAM FELT EASTER EGG BASKET,3406
85206B,PINK FELT EASTER EGG BASKET,3407
85230A,OPIUM SCENTED VOTIVE CANDLE,3408
85230B,CINNAMON SCENTED VOTIVE CANDLE,3409
85230E,STRAWBRY SCENTED VOTIVE CANDLE,3410
85230F,JASMINE VOTIVE CANDLE,3411
85230G,ORANGE VOTIVE CANDLE,3412
85231B,CINAMMON SET OF 9 T-LIGHTS,3413
85231G,ORANGE SCENTED SET/9 T-LIGHTS,3414
85232A,SET/3 POLKADOT STACKING TINS,3415
85232B,SET OF 3 BABUSHKA STACKING TINS,3416
85232D,SET/3 DECOUPAGE STACKING TINS,3417
90000A,RASPBERRY ANT COPPER FLOWER NECKLAC,3418
90000B,MIDNIGHT BLUE COPPER FLOWER NECKLAC,3419
90000D,COPPER/OLIVE GREEN FLOWER NECKLACE,3420
90001A,ANTIQUE RASPBERRY FLOWER EARRINGS,3421
90001B,ANTIQUE MID BLUE FLOWER EARRINGS,3422
90001C,ANTIQUE OPAL WHITE FLOWER EARRINGS,3423
90001D,ANTIQUE OLIVE GREEN FLOWER EARRINGS,3424
90002D,FLOWER BURST SILVER RING CRYSTAL,3425
90003B,ROSE COLOUR PAIR HEART HAIR SLIDES,3426
90003C,MIDNIGHT BLUE PAIR HEART HAIR SLIDE,3427
90003D,CRYSTAL PAIR HEART HAIR SLIDES,3428
90003E,GREEN PAIR HEART HAIR SLIDES,3429
90010A,MIDNIGHT BLUE GLASS/SILVER BRACELET,3430
90010B,BLACK/WHITE GLASS/SILVER BRACELET,3431
90010E,AMBER GLASS/SILVER BRACELET,3432
90011A,MIDNIGHT BLUE CRYSTAL DROP EARRINGS,3433
90011B,BLACK CRYSTAL DROP EARRINGS,3434
90012A,MIDNIGHT BLUE DROP CRYSTAL NECKLACE,3435
90012B,BLACK DROP CRYSTAL NECKLACE,3436
90013A,MIDNIGHT BLUE VINTAGE EARRINGS,3437
90013C,GREEN VINTAGE EARRINGS ,3438
90014A,SILVER/MOP ORBIT NECKLACE,3439
90014B,GOLD M PEARL  ORBIT NECKLACE,3440
90014C,SILVER/BLACK ORBIT NECKLACE,3441
90016A,SILVER/M.O.P PENDANT ORBIT NECKLACE,3442
90016B,GOLD/M.O.P PENDANT ORBIT NECKLACE,3443
90018A,SILVER M.O.P ORBIT DROP EARRINGS,3444
90018B,GOLD M.O.P ORBIT DROP EARRINGS,3445
90018C,SILVER BLACK ORBIT DROP EARRINGS,3446
90019A,SILVER M.O.P ORBIT BRACELET,3447
90019B,GOLD M.O.P ORBIT BRACELET,3448
90019C,SILVER BLACK ORBIT BRACELET,3449
90024B,NEW BAROQUE B'FLY NECKLACE RED,3450
90024C,NEW BAROQUE B'FLY NECKLACE GREEN,3451
90024D,NEW BAROQUE B'FLY NECKLACE PINK,3452
90024F,NEW BAROQUE B'FLY NECKLACE CRYSTAL,3453
90025A,BAROQUE BUTTERFLY EARRINGS BLACK,3454
90025F,BAROQUE BUTTERFLY EARRINGS CRYSTAL,3455
90026A,GLASS BEAD HOOP NECKLACE BLACK,3456
90026B,GLASS BEAD HOOP NECKLACE MONTANA,3457
90026C,GLASS BEAD HOOP NECKLACE GREEN,3458
90026D,GLASS BEAD HOOP NECKLACE AMETHYST,3459
90027A,GLASS BEAD HOOP EARRINGS BLACK,3460
90027D,GLASS BEAD HOOP EARRINGS AMETHYST,3461
90030A,SPOTTED WHITE NATURAL SEED NECKLACE,3462
90030B,RED KUKUI COCONUT SEED NECKLACE,3463
90030C,BROWN KUKUI COCONUT SEED NECKLACE,3464
90035A,"PEARL & SHELL 42""NECKL. GREEN",3465
90035C,"PEARL & SHELL 42""NECKL. IVORY",3466
90036A,FLOWER GARLAND NECKLACE RED,3467
90036B,"FLOWER GLASS GARLAND NECKL.36""GREEN",3468
90036C,"FLOWER GLASS GARLAND NECKL.36""BLUE",3469
90036D,"FLOWER GLASS GARLAND NECKL.36""BLACK",3470
90036E,"FLOWER GLASS GARLD NECKL36""AMETHYST",3471
90036F,"FLOWER GLASS GARLD NECKL36""TURQUOIS",3472
90037B,TINY CRYSTAL BRACELET GREEN,3473
90038A,GLASS AND PAINTED BEADS BRACELET TO,3474
90038B,GLASS AND PAINTED BEADS BRACELET OL,3475
90038C,GLASS AND BEADS BRACELET IVORY,3476
90039A,FIRE POLISHED GLASS BRACELET RED,3477
90039B,FIRE POLISHED GLASS BRACELET MONTAN,3478
90039C,FIRE POLISHED GLASS BRACELET BLACK,3479
90039D,FIRE POLISHED GLASS BRACELET GREEN,3480
90040A,MURANO STYLE GLASS BRACELET RED,3481
90040B,MURANO STYLE GLASS BRACELET BLACK,3482
90040C,MURANO STYLE GLASS BRACELET GOLD,3483
90042A,FRESHWATER PEARL BRACELET GOLD,3484
90058A,CRYSTAL STUD EARRINGS CLEAR DISPLAY,3485
90058B,CRYSTAL STUD EARRINGS ASSORTED COL ,3486
90059A,DIAMANTE HAIR GRIP PACK/2 CRYSTAL,3487
90059B,DIAMANTE HAIR GRIP PACK/2 BLACK DIA,3488
90059C,DIAMANTE HAIR GRIP PACK/2 MONTANA,3489
90059D,DIAMANTE HAIR GRIP PACK/2 PERIDOT,3490
90059E,DIAMANTE HAIR GRIP PACK/2 RUBY,3491
90059F,DIAMANTE HAIR GRIP PACK/2 LT ROSE,3492
90060B,FIRE POLISHED GLASS NECKL GOLD,3493
90060D,FIRE POLISHED GLASS NECKL BRONZE,3494
90063A,WHITE VINT ART DECO CRYSTAL NECKLAC,3495
90063B,BLACK VINT ART DEC CRYSTAL NECKLACE,3496
90064A,WHITE VINTAGE CRYSTAL EARRINGS,3497
90064B,BLACK VINTAGE  CRYSTAL EARRINGS,3498
90065A,WHITE VINTAGE CRYSTAL BRACELET,3499
90065B,BLACK VINT ART DEC CRYSTAL BRACELET,3500
90067A,PINK VINTAGE VICTORIAN EARRINGS,3501
90081A,LILY BROOCH AMETHYST COLOUR,3502
90081C,LILY BROOCH OLIVE COLOUR,3503
90082A,DIAMANTE BOW BROOCH GREEN COLOUR,3504
90082B,DIAMANTE BOW BROOCH RED COLOUR,3505
90082D,DIAMANTE BOW BROOCH BLACK COLOUR,3506
90120B,BLUE MURANO TWIST BRACELET,3507
90120C,GREEN MURANO TWIST BRACELET,3508
90120D,WHITE MURANO TWIST BRACELET,3509
90122A,PINK CRYSTAL+GLASS BRACELET,3510
90122B,JADE CRYSTAL+GLASS BRACELET,3511
90122C,TURQUOISE CRYSTAL+GLASS BRACELET,3512
90123A,PINK HEART OF GLASS BRACELET,3513
90123B,TURQUOISE HEART OF GLASS BRACELET,3514
90123C,GREEN HEART OF GLASS BRACELET,3515
90123D,WHITE HEART OF GLASS BRACELET,3516
90124A,PINK MURANO TWIST NECKLACE,3517
90124B,BLUE MURANO TWIST NECKLACE,3518
90124C,GREEN MURANO TWIST NECKLACE,3519
90125A,PINK BERTIE GLASS BEAD BAG CHARM,3520
90125B,AQUA BERTIE GLASS BEAD BAG CHARM,3521
90125C,TURQUOISE BERTIE GLASS BEAD CHARM,3522
90125D,PURPLE BERTIE GLASS BEAD BAG CHARM,3523
90125E,AMBER BERTIE GLASS BEAD BAG CHARM,3524
90128B,BLUE LEAVES AND BEADS PHONE CHARM,3525
90129A,PINK GLASS TASSLE BAG CHARM ,3526
90129B,TURQUOISE GLASS TASSLE BAG CHARM ,3527
90129C,GREEN GLASS TASSLE BAG CHARM,3528
90129D,AMBER GLASS TASSLE BAG CHARM,3529
90129E,PURPLE GLASS TASSLE BAG CHARM,3530
90129F,RED GLASS TASSLE BAG CHARM,3531
90130A,WHITE STONE/CRYSTAL EARRINGS,3532
90130B,TURQ STONE/CRYSTAL EARRINGS,3533
90141A,GREEN PENDANT TRIPLE SHELL NECKLACE,3534
90141B,IVORY PENDANT TRIPLE SHELL NECKLACE,3535
90141C,TURQ PENDANT TRIPLE SHELL NECKLACE,3536
90141D,ROSE PENDANT TRIPLE SHELL NECKLACE,3537
90141E,ORANGE PENDANT TRIPLE SHELL NECKLAC,3538
90142D,MOP PENDANT SHELL NECKLACE,3539
90152A,SILVER/NAT SHELL NECKLACE W PENDANT,3540
90152B,BLUE/GREEN SHELL NECKLACE W PENDANT,3541
90152C,BLUE/NAT SHELL NECKLACE W PENDANT,3542
90160A,PURPLE BOUDICCA LARGE BRACELET,3543
90160B,RED BOUDICCA LARGE BRACELET,3544
90160C,TURQ+RED BOUDICCA LARGE BRACELET,3545
90160D,PINK BOUDICCA LARGE BRACELET,3546
90161A,ANT COPPER RED BOUDICCA BRACELET,3547
90161B,ANT COPPER TURQ BOUDICCA BRACELET,3548
90161C,ANT COPPER LIME BOUDICCA BRACELET,3549
90161D,ANT COPPER PINK BOUDICCA BRACELET,3550
90162A,ANT SILVER TURQUOISE BOUDICCA RING,3551
90162B,ANT SILVER LIME GREEN BOUDICCA RING,3552
90162C,ANT SILVER FUSCHIA BOUDICCA RING,3553
90162D,ANT SILVER PURPLE BOUDICCA RING,3554
90163A,PINK ROSEBUD & PEARL NECKLACE,3555
90163B,WHITE ROSEBUD & PEARL NECKLACE,3556
90164A,PINK ROSEBUD PEARL BRACELET,3557
90164B,WHITE  ROSEBUD PEARL BRACELET,3558
90165B,WHITE ROSEBUD  PEARL EARRINGS,3559
90175A,WHITE GLASS CHUNKY CHARM BRACELET,3560
90175C,BLUE GLASS CHUNKY CHARM BRACELET,3561
90175D,TIGRIS EYE CHUNKY CHARM BRACELET,3562
90176A,CLASSIC DIAMANTE NECKLACE JET,3563
90176B,DIAMANTE NECKLACE BLACK ,3564
90176C,DIAMANTE NECKLACE,3565
90176D,DIAMANTE NECKLACE PURPLE,3566
90176E,DIAMANTE NECKLACE GREEN,3567
90177A,CLASSIC DIAMANTE EARRINGS JET,3568
90177B,DROP DIAMANTE EARRINGS BLACK DIAMON,3569
90177C,DROP DIAMANTE EARRINGS CRYSTAL,3570
90177D,DROP DIAMANTE EARRINGS PURPLE,3571
90177E,DROP DIAMANTE EARRINGS GREEN,3572
90178A,AMBER CHUNKY GLASS+BEAD NECKLACE,3573
90178B,PURPLE CHUNKY GLASS+BEAD NECKLACE,3574
90179A,AMBER FINE BEAD NECKLACE W TASSEL,3575
90179C,BLACK FINE BEAD NECKLACE W TASSEL,3576
90180A,BLACK+WHITE NECKLACE W TASSEL,3577
90180B,PURPLE AMETHYST NECKLACE W TASSEL,3578
90181A,AMBER GLASS/SHELL/PEARL NECKLACE,3579
90182C,BLACK 3 BEAD DROP EARRINGS,3580
90183A,AMBER DROP EARRINGS W LONG BEADS,3581
90183C,BLACK DROP EARRINGS W LONG BEADS,3582
90184A,AMBER CHUNKY BEAD BRACELET W STRAP,3583
90184B,AMETHYST CHUNKY BEAD BRACELET W STR,3584
90184C,BLACK CHUNKY BEAD BRACELET W STRAP,3585
90185A,AMBER DIAMANTE EXPANDABLE RING,3586
90185B,AMETHYST DIAMANTE EXPANDABLE RING,3587
90185C,BLACK DIAMANTE EXPANDABLE RING,3588
90185D,CRYSTAL DIAMANTE EXPANDABLE RING,3589
90186A,AMETHYST HOOP EARRING FLORAL LEAF,3590
90186B,CRYSTAL HOOP EARRING FLORAL LEAF,3591
90187B,GREEN DROP EARRINGS W BEAD CLUSTER,3592
90189A,SILVER 2 STRAND NECKLACE-LEAF CHARM,3593
90190A,SILVER/CRYSTAL DROP EARRINGS W LEAF,3594
90190B,GOLD/AMBER DROP EARRINGS W LEAF,3595
90190C,SILVER/AMETHYST DROP EARRINGS LEAF,3596
90195A,PURPLE GEMSTONE BRACELET,3597
90195B,BLACK GEMSTONE BRACELET,3598
90196A,PURPLE GEMSTONE NECKLACE 45CM,3599
90196B,BLACK GEMSTONE NECKLACE 45CM,3600
90197B,BLACK GLASS BRACELET W HEART CHARMS,3601
90198A,VINTAGE ROSE BEAD BRACELET RASPBERR,3602
90198B,VINTAGE ROSE BEAD BRACELET BLACK,3603
90199A,5 STRAND GLASS NECKLACE BLACK,3604
90199B,5 STRAND GLASS NECKLACE AMETHYST,3605
90199C,5 STRAND GLASS NECKLACE CRYSTAL,3606
90199D,5 STRAND GLASS NECKLACE AMBER,3607
90200A,PURPLE SWEETHEART BRACELET,3608
90200B,BLACK SWEETHEART BRACELET,3609
90200C,BLUE SWEETHEART BRACELET,3610
90200D,PINK SWEETHEART BRACELET,3611
90200E,GREEN SWEETHEART BRACELET,3612
90201A,PURPLE ENAMEL FLOWER RING,3613
90201B,BLACK ENAMEL FLOWER RING,3614
90201C,RED ENAMEL FLOWER RING,3615
90201D,GREEN ENAMEL FLOWER RING,3616
90202A,PURPLE ENAMEL FLOWER HAIR TIE,3617
90202B,WHITE ENAMEL FLOWER HAIR TIE,3618
90202C,GREEN ENAMEL FLOWER HAIR TIE,3619
90202D,PINK ENAMEL FLOWER HAIR TIE,3620
90205A,LARGE MINT DIAMANTE HAIRSLIDE,3621
90205C,LARGE CRYSTAL DIAMANTE HAIRSLIDE,3622
90206A,GOLD DIAMANTE STAR BROOCH,3623
90206C,CRYSTAL DIAMANTE STAR BROOCH,3624
90209A,PURPLE ENAMEL+GLASS HAIR COMB,3625
90209B,GREEN ENAMEL+GLASS HAIR COMB,3626
90209C,PINK ENAMEL+GLASS HAIR COMB,3627
90210A,GREY ACRYLIC FACETED BANGLE,3628
90210B,CLEAR ACRYLIC FACETED BANGLE,3629
90210C,RED   ACRYLIC FACETED BANGLE,3630
90210D,PURPLE ACRYLIC FACETED BANGLE,3631
90211A,DIAMOND LAS VEGAS NECKLACE 45CM,3632
90211B,JET BLACK LAS VEGAS NECKLACE 45CM,3633
90212B,JET BLACK LAS VEGAS BRACELET ROUND,3634
90212C,PURPLE LAS VEGAS BRACELET ROUND,3635
90214A,"LETTER ""A"" BLING KEY RING",3636
90214B,"LETTER ""B"" BLING KEY RING",3637
90214C,"LETTER ""C"" BLING KEY RING",3638
90214D,"LETTER ""D"" BLING KEY RING",3639
90214E,"LETTER ""E"" BLING KEY RING",3640
90214F,"LETTER ""F"" BLING KEY RING",3641
90214G,"LETTER ""G"" BLING KEY RING",3642
90214H,"LETTER ""H"" BLING KEY RING",3643
90214I,"LETTER ""I"" BLING KEY RING",3644
90214J,"LETTER ""J"" BLING KEY RING",3645
90214K,"LETTER ""K"" BLING KEY RING",3646
90214L,"LETTER ""L"" BLING KEY RING",3647
90214M,"LETTER ""M"" BLING KEY RING",3648
90214N,"LETTER ""N"" BLING KEY RING",3649
90214O,"LETTER ""O"" BLING KEY RING",3650
90214P,"LETTER ""P"" BLING KEY RING",3651
90214R,"LETTER ""R"" BLING KEY RING",3652
90214S,"LETTER ""S"" BLING KEY RING",3653
90214T,"LETTER ""T"" BLING KEY RING",3654
90214U,"LETTER ""U"" BLING KEY RING",3655
90214V,"LETTER ""V"" BLING KEY RING",3656
90214W,"LETTER ""W"" BLING KEY RING",3657
90214Y,"LETTER ""Y"" BLING KEY RING",3658
90214Z,"LETTER ""Z"" BLING KEY RING",3659
BANK CHARGES,Bank Charges,3660
C2,CARRIAGE,3661
DOT,DOTCOM POSTAGE,3662
M,Manual,3663
PADS,PADS TO MATCH ALL CUSHIONS,3664
POST,POSTAGE,3665
